
  .   ____          _            __ _ _
 /\\ / ___'_ __ _ _(_)_ __  __ _ \ \ \ \
( ( )\___ | '_ | '_| | '_ \/ _` | \ \ \ \
 \\/  ___)| |_)| | | | | || (_| |  ) ) ) )
  '  |____| .__|_| |_|_| |_\__, | / / / /
 =========|_|==============|___/=/_/_/_/

 :: Spring Boot ::                (v3.3.6)

2025-12-29T10:12:13.769+01:00  INFO 19344 --- [inventory-service] [           main] c.o.i.InventoryServiceApplication        : Starting InventoryServiceApplication v0.0.1-SNAPSHOT using Java 21.0.4 with PID 19344 (C:\Users\Mreckah\Downloads\event-sourcing\inventory-service\target\inventory-service-0.0.1-SNAPSHOT.jar started by Mreckah in C:\Users\Mreckah\Downloads\event-sourcing)
2025-12-29T10:12:13.779+01:00  INFO 19344 --- [inventory-service] [           main] c.o.i.InventoryServiceApplication        : No active profile set, falling back to 1 default profile: "default"
2025-12-29T10:12:14.299+01:00  WARN 19344 --- [inventory-service] [           main] o.s.c.annotation.AnnotationTypeMapping   : Support for convention-based annotation attribute overrides is deprecated and will be removed in Spring Framework 6.2. Please annotate the following attributes in @org.axonframework.spring.stereotype.Aggregate with appropriate @AliasFor declarations: [type]
2025-12-29T10:12:14.338+01:00  WARN 19344 --- [inventory-service] [           main] o.s.c.annotation.AnnotationTypeMapping   : Support for convention-based annotation attribute overrides is deprecated and will be removed in Spring Framework 6.2. Please annotate the following attributes in @org.axonframework.eventsourcing.EventSourcingHandler with appropriate @AliasFor declarations: [payloadType]
2025-12-29T10:12:14.341+01:00  WARN 19344 --- [inventory-service] [           main] o.s.c.annotation.AnnotationTypeMapping   : Support for convention-based annotation attribute overrides is deprecated and will be removed in Spring Framework 6.2. Please annotate the following attributes in @org.axonframework.eventsourcing.EventSourcingHandler with appropriate @AliasFor declarations: [payloadType]
2025-12-29T10:12:14.353+01:00  WARN 19344 --- [inventory-service] [           main] o.s.c.annotation.AnnotationTypeMapping   : Support for convention-based annotation attribute overrides is deprecated and will be removed in Spring Framework 6.2. Please annotate the following attributes in @org.axonframework.commandhandling.CommandHandler with appropriate @AliasFor declarations: [payloadType]
2025-12-29T10:12:14.672+01:00  WARN 19344 --- [inventory-service] [           main] o.s.c.annotation.AnnotationTypeMapping   : Support for convention-based annotation attribute overrides is deprecated and will be removed in Spring Framework 6.2. Please annotate the following attributes in @org.axonframework.eventhandling.EventHandler with appropriate @AliasFor declarations: [payloadType]
2025-12-29T10:12:21.170+01:00  INFO 19344 --- [inventory-service] [           main] .s.d.r.c.RepositoryConfigurationDelegate : Bootstrapping Spring Data JPA repositories in DEFAULT mode.
2025-12-29T10:12:22.431+01:00  INFO 19344 --- [inventory-service] [           main] .s.d.r.c.RepositoryConfigurationDelegate : Finished Spring Data repository scanning in 1227 ms. Found 2 JPA repository interfaces.
2025-12-29T10:12:23.693+01:00  INFO 19344 --- [inventory-service] [           main] o.s.cloud.context.scope.GenericScope     : BeanFactory id=43a43547-f7b1-3073-a34b-4d6d6f329cca
2025-12-29T10:12:25.646+01:00  WARN 19344 --- [inventory-service] [           main] trationDelegate$BeanPostProcessorChecker : Bean 'org.springframework.cloud.client.loadbalancer.LoadBalancerAutoConfiguration$DeferringLoadBalancerInterceptorConfig' of type [org.springframework.cloud.client.loadbalancer.LoadBalancerAutoConfiguration$DeferringLoadBalancerInterceptorConfig] is not eligible for getting processed by all BeanPostProcessors (for example: not eligible for auto-proxying). The currently created BeanPostProcessor [lbRestClientPostProcessor] is declared through a non-static factory method on that class; consider declaring it as static instead.
2025-12-29T10:12:25.654+01:00  WARN 19344 --- [inventory-service] [           main] trationDelegate$BeanPostProcessorChecker : Bean 'deferringLoadBalancerInterceptor' of type [org.springframework.cloud.client.loadbalancer.DeferringLoadBalancerInterceptor] is not eligible for getting processed by all BeanPostProcessors (for example: not eligible for auto-proxying). Is this bean getting eagerly injected/applied to a currently created BeanPostProcessor [lbRestClientPostProcessor]? Check the corresponding BeanPostProcessor declaration and its dependencies/advisors. If this bean does not have to be post-processed, declare it with ROLE_INFRASTRUCTURE.
2025-12-29T10:12:26.905+01:00  INFO 19344 --- [inventory-service] [           main] o.s.b.w.embedded.tomcat.TomcatWebServer  : Tomcat initialized with port 8080 (http)
2025-12-29T10:12:26.983+01:00  INFO 19344 --- [inventory-service] [           main] o.apache.catalina.core.StandardService   : Starting service [Tomcat]
2025-12-29T10:12:26.985+01:00  INFO 19344 --- [inventory-service] [           main] o.apache.catalina.core.StandardEngine    : Starting Servlet engine: [Apache Tomcat/10.1.33]
2025-12-29T10:12:27.184+01:00  INFO 19344 --- [inventory-service] [           main] o.a.c.c.C.[Tomcat].[localhost].[/]       : Initializing Spring embedded WebApplicationContext
2025-12-29T10:12:27.189+01:00  INFO 19344 --- [inventory-service] [           main] w.s.c.ServletWebServerApplicationContext : Root WebApplicationContext: initialization completed in 13152 ms
2025-12-29T10:12:28.056+01:00  INFO 19344 --- [inventory-service] [           main] o.hibernate.jpa.internal.util.LogHelper  : HHH000204: Processing PersistenceUnitInfo [name: default]
2025-12-29T10:12:28.474+01:00  INFO 19344 --- [inventory-service] [           main] org.hibernate.Version                    : HHH000412: Hibernate ORM core version 6.5.3.Final
2025-12-29T10:12:28.786+01:00  INFO 19344 --- [inventory-service] [           main] o.h.c.internal.RegionFactoryInitiator    : HHH000026: Second-level cache disabled
2025-12-29T10:12:30.754+01:00  INFO 19344 --- [inventory-service] [           main] o.s.o.j.p.SpringPersistenceUnitInfo      : No LoadTimeWeaver setup: ignoring JPA class transformer
2025-12-29T10:12:31.018+01:00  INFO 19344 --- [inventory-service] [           main] com.zaxxer.hikari.HikariDataSource       : HikariPool-1 - Starting...
2025-12-29T10:12:32.683+01:00  INFO 19344 --- [inventory-service] [           main] com.zaxxer.hikari.pool.HikariPool        : HikariPool-1 - Added connection com.mysql.cj.jdbc.ConnectionImpl@323b0632
2025-12-29T10:12:32.690+01:00  INFO 19344 --- [inventory-service] [           main] com.zaxxer.hikari.HikariDataSource       : HikariPool-1 - Start completed.
2025-12-29T10:12:33.000+01:00  WARN 19344 --- [inventory-service] [           main] org.hibernate.orm.deprecation            : HHH90000025: MySQLDialect does not need to be specified explicitly using 'hibernate.dialect' (remove the property setting and it will be selected by default)
2025-12-29T10:12:39.826+01:00  INFO 19344 --- [inventory-service] [           main] o.h.e.t.j.p.i.JtaPlatformInitiator       : HHH000489: No JTA platform available (set 'hibernate.transaction.jta.platform' to enable JTA platform integration)
Hibernate: alter table dead_letter_entry modify column diagnostics blob
Hibernate: alter table dead_letter_entry modify column meta_data blob
Hibernate: alter table dead_letter_entry modify column payload blob not null
Hibernate: alter table dead_letter_entry modify column token blob
Hibernate: alter table saga_entry modify column serialized_saga blob
Hibernate: alter table token_entry modify column token blob
2025-12-29T10:12:54.519+01:00  INFO 19344 --- [inventory-service] [           main] j.LocalContainerEntityManagerFactoryBean : Initialized JPA EntityManagerFactory for persistence unit 'default'
2025-12-29T10:12:57.132+01:00  INFO 19344 --- [inventory-service] [           main] o.a.s.a.XStreamAutoConfiguration         : Initializing an XStream instance since none was found. The auto configuration base packages will be used as wildcards for the XStream security settings.
2025-12-29T10:12:58.886+01:00  INFO 19344 --- [inventory-service] [           main] o.a.s.util.XStreamSecurityTypeUtility    : Constructing wildcard type for base package [com.oussama.inventoryservice].
2025-12-29T10:12:58.888+01:00  INFO 19344 --- [inventory-service] [           main] o.a.s.util.XStreamSecurityTypeUtility    : Constructing wildcard type for base package [org.axonframework.eventhandling.tokenstore].
2025-12-29T10:12:58.889+01:00  INFO 19344 --- [inventory-service] [           main] o.a.s.util.XStreamSecurityTypeUtility    : Constructing wildcard type for base package [org.axonframework.eventhandling.deadletter.jpa].
2025-12-29T10:12:58.890+01:00  INFO 19344 --- [inventory-service] [           main] o.a.s.util.XStreamSecurityTypeUtility    : Constructing wildcard type for base package [org.axonframework.modelling.saga.repository.jpa].
2025-12-29T10:12:58.955+01:00  INFO 19344 --- [inventory-service] [           main] o.a.serialization.ChainingConverter      : ContentTypeConverter of type [class org.axonframework.serialization.xml.Dom4JToByteArrayConverter] is ignored. It seems to rely on a class that is not available in the class loader: org/dom4j/Document
2025-12-29T10:12:58.959+01:00  INFO 19344 --- [inventory-service] [           main] o.a.serialization.ChainingConverter      : ContentTypeConverter of type [class org.axonframework.serialization.xml.InputStreamToDom4jConverter] is ignored. It seems to rely on a class that is not available in the class loader: org/dom4j/Document
2025-12-29T10:12:58.961+01:00  INFO 19344 --- [inventory-service] [           main] o.a.serialization.ChainingConverter      : ContentTypeConverter of type [class org.axonframework.serialization.xml.XomToStringConverter] is ignored. It seems to rely on a class that is not available in the class loader: nu/xom/Document
2025-12-29T10:12:58.964+01:00  INFO 19344 --- [inventory-service] [           main] o.a.serialization.ChainingConverter      : ContentTypeConverter of type [class org.axonframework.serialization.xml.InputStreamToXomConverter] is ignored. It seems to rely on a class that is not available in the class loader: nu/xom/ParsingException
2025-12-29T10:12:59.221+01:00  INFO 19344 --- [inventory-service] [           main] o.a.config.AxonIQConsoleModule           : 
################################################################################################
## You have not configured AxonIQ Console. AxonIQ Console provides out-of-the box monitoring  ##
## and management capabilities for your Axon Application, starting with it is free.           ##
## Visit https://console.axoniq.io for more information!                                      ##
## Suppress this message by setting system property disable-axoniq-console-message to true.   ##
################################################################################################

2025-12-29T10:13:01.255+01:00  WARN 19344 --- [inventory-service] [           main] JpaBaseConfiguration$JpaWebConfiguration : spring.jpa.open-in-view is enabled by default. Therefore, database queries may be performed during view rendering. Explicitly configure spring.jpa.open-in-view to disable this warning
2025-12-29T10:13:08.360+01:00  INFO 19344 --- [inventory-service] [           main] o.s.cloud.commons.util.InetUtils         : Cannot determine local hostname
2025-12-29T10:13:09.593+01:00  INFO 19344 --- [inventory-service] [           main] o.s.cloud.commons.util.InetUtils         : Cannot determine local hostname
2025-12-29T10:13:10.665+01:00  INFO 19344 --- [inventory-service] [           main] DiscoveryClientOptionalArgsConfiguration : Eureka HTTP Client uses RestTemplate.
2025-12-29T10:13:11.640+01:00  WARN 19344 --- [inventory-service] [           main] iguration$LoadBalancerCaffeineWarnLogger : Spring Cloud LoadBalancer is currently working with the default cache. While this cache implementation is useful for development and tests, it's recommended to use Caffeine cache in production.You can switch to using Caffeine cache, by adding it and org.springframework.cache.caffeine.CaffeineCacheManager to the classpath.
2025-12-29T10:13:12.231+01:00  INFO 19344 --- [inventory-service] [           main] o.s.c.n.eureka.InstanceInfoFactory       : Setting initial instance status as: STARTING
2025-12-29T10:13:12.438+01:00  INFO 19344 --- [inventory-service] [           main] com.netflix.discovery.DiscoveryClient    : Initializing Eureka in region us-east-1
2025-12-29T10:13:12.473+01:00  INFO 19344 --- [inventory-service] [           main] c.n.d.s.r.aws.ConfigClusterResolver      : Resolving eureka endpoints via configuration
2025-12-29T10:13:12.562+01:00  INFO 19344 --- [inventory-service] [           main] com.netflix.discovery.DiscoveryClient    : Disable delta property : false
2025-12-29T10:13:12.563+01:00  INFO 19344 --- [inventory-service] [           main] com.netflix.discovery.DiscoveryClient    : Single vip registry refresh property : null
2025-12-29T10:13:12.564+01:00  INFO 19344 --- [inventory-service] [           main] com.netflix.discovery.DiscoveryClient    : Force full registry fetch : false
2025-12-29T10:13:12.565+01:00  INFO 19344 --- [inventory-service] [           main] com.netflix.discovery.DiscoveryClient    : Application is null : false
2025-12-29T10:13:12.566+01:00  INFO 19344 --- [inventory-service] [           main] com.netflix.discovery.DiscoveryClient    : Registered Applications size is zero : true
2025-12-29T10:13:12.567+01:00  INFO 19344 --- [inventory-service] [           main] com.netflix.discovery.DiscoveryClient    : Application version is -1: true
2025-12-29T10:13:12.568+01:00  INFO 19344 --- [inventory-service] [           main] com.netflix.discovery.DiscoveryClient    : Getting all instance registry info from the eureka server
2025-12-29T10:13:17.020+01:00  INFO 19344 --- [inventory-service] [           main] com.netflix.discovery.DiscoveryClient    : The response status is 200
2025-12-29T10:13:17.026+01:00  INFO 19344 --- [inventory-service] [           main] com.netflix.discovery.DiscoveryClient    : Starting heartbeat executor: renew interval is: 30
2025-12-29T10:13:17.037+01:00  INFO 19344 --- [inventory-service] [           main] c.n.discovery.InstanceInfoReplicator     : InstanceInfoReplicator onDemand update allowed rate per min is 4
2025-12-29T10:13:17.042+01:00  INFO 19344 --- [inventory-service] [           main] com.netflix.discovery.DiscoveryClient    : Discovery Client initialized at timestamp 1766999597041 with initial instances count: 0
2025-12-29T10:13:17.058+01:00  INFO 19344 --- [inventory-service] [           main] o.s.c.n.e.s.EurekaServiceRegistry        : Registering application INVENTORY-SERVICE with eureka with status UP
2025-12-29T10:13:17.061+01:00  INFO 19344 --- [inventory-service] [           main] com.netflix.discovery.DiscoveryClient    : Saw local status change event StatusChangeEvent [timestamp=1766999597060, current=UP, previous=STARTING]
2025-12-29T10:13:17.135+01:00  INFO 19344 --- [inventory-service] [foReplicator-%d] com.netflix.discovery.DiscoveryClient    : DiscoveryClient_INVENTORY-SERVICE/localhost:inventory-service:8080: registering service...
2025-12-29T10:13:18.733+01:00  INFO 19344 --- [inventory-service] [foReplicator-%d] com.netflix.discovery.DiscoveryClient    : DiscoveryClient_INVENTORY-SERVICE/localhost:inventory-service:8080 - registration status: 204
2025-12-29T10:13:23.350+01:00  INFO 19344 --- [inventory-service] [           main] i.a.a.c.impl.AxonServerManagedChannel    : Requesting connection details from localhost:8124
2025-12-29T10:13:25.866+01:00  INFO 19344 --- [inventory-service] [           main] i.a.a.c.impl.AxonServerManagedChannel    : Successfully connected to localhost:8124
2025-12-29T10:13:25.913+01:00  INFO 19344 --- [inventory-service] [           main] i.a.a.connector.impl.ControlChannelImpl  : Connected instruction stream for context 'default'. Sending client identification
2025-12-29T10:13:25.964+01:00  INFO 19344 --- [inventory-service] [           main] i.a.a.c.command.impl.CommandChannelImpl  : CommandChannel for context 'default' connected, 0 command handlers registered
2025-12-29T10:13:25.974+01:00  INFO 19344 --- [inventory-service] [           main] i.a.a.c.command.impl.CommandChannelImpl  : Registered handler for command 'com.oussama.inventoryservice.common.api.commands.UpdateProductStatusCommand' in context 'default'
2025-12-29T10:13:25.988+01:00  INFO 19344 --- [inventory-service] [           main] i.a.a.c.command.impl.CommandChannelImpl  : Registered handler for command 'com.oussama.inventoryservice.common.api.commands.CreateProductCommand' in context 'default'
2025-12-29T10:13:25.991+01:00  INFO 19344 --- [inventory-service] [           main] i.a.a.c.command.impl.CommandChannelImpl  : Registered handler for command 'com.oussama.inventoryservice.common.api.commands.DeductProductQuantityCommand' in context 'default'
2025-12-29T10:13:25.994+01:00  INFO 19344 --- [inventory-service] [           main] i.a.a.c.command.impl.CommandChannelImpl  : Registered handler for command 'com.oussama.inventoryservice.common.api.commands.CreateCategoryCommand' in context 'default'
2025-12-29T10:13:26.120+01:00  INFO 19344 --- [inventory-service] [           main] i.a.a.c.query.impl.QueryChannelImpl      : QueryChannel for context 'default' connected, 0 registrations resubscribed
2025-12-29T10:13:26.146+01:00  INFO 19344 --- [inventory-service] [           main] i.a.a.c.query.impl.QueryChannelImpl      : Registered handler for query 'com.oussama.inventoryservice.common.api.queries.GetProductByIdQuery : com.oussama.inventoryservice.query.entities.Product' in context 'default'
2025-12-29T10:13:26.150+01:00  INFO 19344 --- [inventory-service] [           main] i.a.a.c.query.impl.QueryChannelImpl      : Registered handler for query 'com.oussama.inventoryservice.common.api.queries.GetAllProductsQuery : java.util.List<com.oussama.inventoryservice.query.entities.Product>' in context 'default'
Hibernate: select te1_0.processor_name,te1_0.segment,te1_0.owner,te1_0.timestamp,te1_0.token,te1_0.token_type from token_entry te1_0 where (te1_0.processor_name,te1_0.segment) in ((?,?))
2025-12-29T10:13:26.610+01:00  INFO 19344 --- [inventory-service] [           main] o.s.b.w.embedded.tomcat.TomcatWebServer  : Tomcat started on port 8080 (http) with context path '/'
2025-12-29T10:13:26.613+01:00  INFO 19344 --- [inventory-service] [           main] .s.c.n.e.s.EurekaAutoServiceRegistration : Updating port to 8080
Hibernate: select te1_0.processor_name,te1_0.segment,te1_0.owner,te1_0.timestamp,te1_0.token,te1_0.token_type from token_entry te1_0 where (te1_0.processor_name,te1_0.segment) in ((?,?))
2025-12-29T10:13:27.655+01:00  INFO 19344 --- [inventory-service] [           main] o.s.cloud.commons.util.InetUtils         : Cannot determine local hostname
2025-12-29T10:13:27.722+01:00  INFO 19344 --- [inventory-service] [           main] c.o.i.InventoryServiceApplication        : Started InventoryServiceApplication in 77.5 seconds (process running for 81.202)
Hibernate: select te1_0.segment from token_entry te1_0 where te1_0.processor_name=? order by te1_0.segment
Hibernate: select te1_0.segment from token_entry te1_0 where te1_0.processor_name=? order by te1_0.segment
Hibernate: select te1_0.processor_name,te1_0.segment,te1_0.owner,te1_0.timestamp,te1_0.token,te1_0.token_type from token_entry te1_0 where te1_0.processor_name=? order by te1_0.segment
Hibernate: select te1_0.processor_name,te1_0.segment,te1_0.owner,te1_0.timestamp,te1_0.token,te1_0.token_type from token_entry te1_0 where te1_0.processor_name=? order by te1_0.segment
Hibernate: select te1_0.processor_name,te1_0.segment,te1_0.owner,te1_0.timestamp,te1_0.token,te1_0.token_type from token_entry te1_0 where (te1_0.processor_name,te1_0.segment) in ((?,?)) for update
Hibernate: select te1_0.processor_name,te1_0.segment,te1_0.owner,te1_0.timestamp,te1_0.token,te1_0.token_type from token_entry te1_0 where (te1_0.processor_name,te1_0.segment) in ((?,?)) for update
Hibernate: select te1_0.processor_name,te1_0.segment,te1_0.owner,te1_0.timestamp,te1_0.token,te1_0.token_type from token_entry te1_0 where (te1_0.processor_name,te1_0.segment) in ((?,?)) for update
Hibernate: select te1_0.processor_name,te1_0.segment,te1_0.owner,te1_0.timestamp,te1_0.token,te1_0.token_type from token_entry te1_0 where (te1_0.processor_name,te1_0.segment) in ((?,?)) for update
2025-12-29T10:13:28.306+01:00  INFO 19344 --- [inventory-service] [.projections]-0] o.a.e.TrackingEventProcessor             : Worker assigned to segment Segment[0/0] for processing
2025-12-29T10:13:28.306+01:00  INFO 19344 --- [inventory-service] [ishing-group]-0] o.a.e.TrackingEventProcessor             : Worker assigned to segment Segment[0/0] for processing
Hibernate: update token_entry set owner=?,timestamp=?,token=?,token_type=? where processor_name=? and segment=?
Hibernate: update token_entry set owner=?,timestamp=?,token=?,token_type=? where processor_name=? and segment=?
2025-12-29T10:13:28.392+01:00  INFO 19344 --- [inventory-service] [ishing-group]-0] o.a.e.TrackingEventProcessor             : Using current Thread for last segment worker: TrackingSegmentWorker{processor=__axon-kafka-event-publishing-group, segment=Segment[0/0]}
2025-12-29T10:13:28.397+01:00  INFO 19344 --- [inventory-service] [.projections]-0] o.a.e.TrackingEventProcessor             : Using current Thread for last segment worker: TrackingSegmentWorker{processor=com.oussama.inventoryservice.query.projections, segment=Segment[0/0]}
Hibernate: select te1_0.processor_name,te1_0.segment,te1_0.owner,te1_0.timestamp,te1_0.token,te1_0.token_type from token_entry te1_0 where (te1_0.processor_name,te1_0.segment) in ((?,?)) for update
Hibernate: select te1_0.processor_name,te1_0.segment,te1_0.owner,te1_0.timestamp,te1_0.token,te1_0.token_type from token_entry te1_0 where (te1_0.processor_name,te1_0.segment) in ((?,?)) for update
Hibernate: update token_entry set owner=?,timestamp=?,token=?,token_type=? where processor_name=? and segment=?
Hibernate: update token_entry set owner=?,timestamp=?,token=?,token_type=? where processor_name=? and segment=?
2025-12-29T10:13:28.461+01:00  INFO 19344 --- [inventory-service] [.projections]-0] o.a.e.TrackingEventProcessor             : Fetched token: null for segment: Segment[0/0]
2025-12-29T10:13:28.465+01:00  INFO 19344 --- [inventory-service] [ishing-group]-0] o.a.e.TrackingEventProcessor             : Fetched token: null for segment: Segment[0/0]
Hibernate: update token_entry te1_0 set timestamp=? where te1_0.processor_name=? and te1_0.segment=? and te1_0.owner=?
Hibernate: update token_entry te1_0 set timestamp=? where te1_0.processor_name=? and te1_0.segment=? and te1_0.owner=?
Hibernate: update token_entry te1_0 set timestamp=? where te1_0.processor_name=? and te1_0.segment=? and te1_0.owner=?
Hibernate: update token_entry te1_0 set timestamp=? where te1_0.processor_name=? and te1_0.segment=? and te1_0.owner=?
Hibernate: update token_entry te1_0 set timestamp=? where te1_0.processor_name=? and te1_0.segment=? and te1_0.owner=?
Hibernate: update token_entry te1_0 set timestamp=? where te1_0.processor_name=? and te1_0.segment=? and te1_0.owner=?
2025-12-29T10:13:32.720+01:00  INFO 19344 --- [inventory-service] [nio-8080-exec-1] o.a.c.c.C.[Tomcat].[localhost].[/]       : Initializing Spring DispatcherServlet 'dispatcherServlet'
2025-12-29T10:13:32.723+01:00  INFO 19344 --- [inventory-service] [nio-8080-exec-1] o.s.web.servlet.DispatcherServlet        : Initializing Servlet 'dispatcherServlet'
2025-12-29T10:13:32.729+01:00  INFO 19344 --- [inventory-service] [nio-8080-exec-1] o.s.web.servlet.DispatcherServlet        : Completed initialization in 5 ms
Hibernate: select p1_0.id,p1_0.category_id,p1_0.name,p1_0.price,p1_0.quantity,p1_0.status from product p1_0
Hibernate: update token_entry te1_0 set timestamp=? where te1_0.processor_name=? and te1_0.segment=? and te1_0.owner=?
Hibernate: update token_entry te1_0 set timestamp=? where te1_0.processor_name=? and te1_0.segment=? and te1_0.owner=?
Hibernate: select p1_0.id,p1_0.category_id,p1_0.name,p1_0.price,p1_0.quantity,p1_0.status from product p1_0
Hibernate: update token_entry te1_0 set timestamp=? where te1_0.processor_name=? and te1_0.segment=? and te1_0.owner=?
Hibernate: update token_entry te1_0 set timestamp=? where te1_0.processor_name=? and te1_0.segment=? and te1_0.owner=?
Hibernate: select p1_0.id,p1_0.category_id,p1_0.name,p1_0.price,p1_0.quantity,p1_0.status from product p1_0
Hibernate: update token_entry te1_0 set timestamp=? where te1_0.processor_name=? and te1_0.segment=? and te1_0.owner=?
Hibernate: update token_entry te1_0 set timestamp=? where te1_0.processor_name=? and te1_0.segment=? and te1_0.owner=?
Hibernate: select p1_0.id,p1_0.category_id,p1_0.name,p1_0.price,p1_0.quantity,p1_0.status from product p1_0
Hibernate: update token_entry te1_0 set timestamp=? where te1_0.processor_name=? and te1_0.segment=? and te1_0.owner=?
Hibernate: update token_entry te1_0 set timestamp=? where te1_0.processor_name=? and te1_0.segment=? and te1_0.owner=?
Hibernate: update token_entry te1_0 set timestamp=? where te1_0.processor_name=? and te1_0.segment=? and te1_0.owner=?
Hibernate: update token_entry te1_0 set timestamp=? where te1_0.processor_name=? and te1_0.segment=? and te1_0.owner=?
Hibernate: update token_entry te1_0 set timestamp=? where te1_0.processor_name=? and te1_0.segment=? and te1_0.owner=?
Hibernate: update token_entry te1_0 set timestamp=? where te1_0.processor_name=? and te1_0.segment=? and te1_0.owner=?
Hibernate: update token_entry te1_0 set timestamp=? where te1_0.processor_name=? and te1_0.segment=? and te1_0.owner=?
Hibernate: update token_entry te1_0 set timestamp=? where te1_0.processor_name=? and te1_0.segment=? and te1_0.owner=?
Hibernate: update token_entry te1_0 set timestamp=? where te1_0.processor_name=? and te1_0.segment=? and te1_0.owner=?
Hibernate: update token_entry te1_0 set timestamp=? where te1_0.processor_name=? and te1_0.segment=? and te1_0.owner=?
Hibernate: update token_entry te1_0 set timestamp=? where te1_0.processor_name=? and te1_0.segment=? and te1_0.owner=?
Hibernate: update token_entry te1_0 set timestamp=? where te1_0.processor_name=? and te1_0.segment=? and te1_0.owner=?
Hibernate: update token_entry te1_0 set timestamp=? where te1_0.processor_name=? and te1_0.segment=? and te1_0.owner=?
Hibernate: update token_entry te1_0 set timestamp=? where te1_0.processor_name=? and te1_0.segment=? and te1_0.owner=?
2025-12-29T10:13:47.058+01:00  INFO 19344 --- [inventory-service] [reshExecutor-%d] com.netflix.discovery.DiscoveryClient    : Disable delta property : false
2025-12-29T10:13:47.058+01:00  INFO 19344 --- [inventory-service] [reshExecutor-%d] com.netflix.discovery.DiscoveryClient    : Single vip registry refresh property : null
2025-12-29T10:13:47.059+01:00  INFO 19344 --- [inventory-service] [reshExecutor-%d] com.netflix.discovery.DiscoveryClient    : Force full registry fetch : false
2025-12-29T10:13:47.059+01:00  INFO 19344 --- [inventory-service] [reshExecutor-%d] com.netflix.discovery.DiscoveryClient    : Application is null : false
2025-12-29T10:13:47.059+01:00  INFO 19344 --- [inventory-service] [reshExecutor-%d] com.netflix.discovery.DiscoveryClient    : Registered Applications size is zero : true
2025-12-29T10:13:47.060+01:00  INFO 19344 --- [inventory-service] [reshExecutor-%d] com.netflix.discovery.DiscoveryClient    : Application version is -1: false
2025-12-29T10:13:47.060+01:00  INFO 19344 --- [inventory-service] [reshExecutor-%d] com.netflix.discovery.DiscoveryClient    : Getting all instance registry info from the eureka server
2025-12-29T10:13:47.113+01:00  INFO 19344 --- [inventory-service] [reshExecutor-%d] com.netflix.discovery.DiscoveryClient    : The response status is 200
Hibernate: update token_entry te1_0 set timestamp=? where te1_0.processor_name=? and te1_0.segment=? and te1_0.owner=?
Hibernate: update token_entry te1_0 set timestamp=? where te1_0.processor_name=? and te1_0.segment=? and te1_0.owner=?
Hibernate: update token_entry te1_0 set timestamp=? where te1_0.processor_name=? and te1_0.segment=? and te1_0.owner=?
Hibernate: update token_entry te1_0 set timestamp=? where te1_0.processor_name=? and te1_0.segment=? and te1_0.owner=?
Hibernate: update token_entry te1_0 set timestamp=? where te1_0.processor_name=? and te1_0.segment=? and te1_0.owner=?
Hibernate: update token_entry te1_0 set timestamp=? where te1_0.processor_name=? and te1_0.segment=? and te1_0.owner=?
Hibernate: select p1_0.id,p1_0.category_id,p1_0.name,p1_0.price,p1_0.quantity,p1_0.status from product p1_0
Hibernate: select p1_0.id,p1_0.category_id,p1_0.name,p1_0.price,p1_0.quantity,p1_0.status from product p1_0
Hibernate: update token_entry te1_0 set timestamp=? where te1_0.processor_name=? and te1_0.segment=? and te1_0.owner=?
Hibernate: update token_entry te1_0 set timestamp=? where te1_0.processor_name=? and te1_0.segment=? and te1_0.owner=?
Hibernate: update token_entry te1_0 set timestamp=? where te1_0.processor_name=? and te1_0.segment=? and te1_0.owner=?
Hibernate: update token_entry te1_0 set timestamp=? where te1_0.processor_name=? and te1_0.segment=? and te1_0.owner=?
Hibernate: update token_entry te1_0 set timestamp=? where te1_0.processor_name=? and te1_0.segment=? and te1_0.owner=?
Hibernate: update token_entry te1_0 set timestamp=? where te1_0.processor_name=? and te1_0.segment=? and te1_0.owner=?
Hibernate: update token_entry te1_0 set timestamp=? where te1_0.processor_name=? and te1_0.segment=? and te1_0.owner=?
2025-12-29T10:13:58.500+01:00  INFO 19344 --- [inventory-service] [nio-8080-exec-4] o.springdoc.api.AbstractOpenApiResource  : Init duration for springdoc-openapi is: 5351 ms
Hibernate: update token_entry te1_0 set timestamp=? where te1_0.processor_name=? and te1_0.segment=? and te1_0.owner=?
Hibernate: update token_entry te1_0 set timestamp=? where te1_0.processor_name=? and te1_0.segment=? and te1_0.owner=?
Hibernate: update token_entry te1_0 set timestamp=? where te1_0.processor_name=? and te1_0.segment=? and te1_0.owner=?
Hibernate: update token_entry te1_0 set timestamp=? where te1_0.processor_name=? and te1_0.segment=? and te1_0.owner=?
Hibernate: update token_entry te1_0 set timestamp=? where te1_0.processor_name=? and te1_0.segment=? and te1_0.owner=?
Hibernate: update token_entry te1_0 set timestamp=? where te1_0.processor_name=? and te1_0.segment=? and te1_0.owner=?
Hibernate: update token_entry te1_0 set timestamp=? where te1_0.processor_name=? and te1_0.segment=? and te1_0.owner=?
Hibernate: update token_entry te1_0 set timestamp=? where te1_0.processor_name=? and te1_0.segment=? and te1_0.owner=?
2025-12-29T10:14:04.498+01:00  INFO 19344 --- [inventory-service] [nio-8080-exec-5] o.springdoc.api.AbstractOpenApiResource  : Init duration for springdoc-openapi is: 412 ms
Hibernate: update token_entry te1_0 set timestamp=? where te1_0.processor_name=? and te1_0.segment=? and te1_0.owner=?
Hibernate: update token_entry te1_0 set timestamp=? where te1_0.processor_name=? and te1_0.segment=? and te1_0.owner=?
Hibernate: update token_entry te1_0 set timestamp=? where te1_0.processor_name=? and te1_0.segment=? and te1_0.owner=?
Hibernate: update token_entry te1_0 set timestamp=? where te1_0.processor_name=? and te1_0.segment=? and te1_0.owner=?
Hibernate: update token_entry te1_0 set timestamp=? where te1_0.processor_name=? and te1_0.segment=? and te1_0.owner=?
Hibernate: update token_entry te1_0 set timestamp=? where te1_0.processor_name=? and te1_0.segment=? and te1_0.owner=?
Hibernate: update token_entry te1_0 set timestamp=? where te1_0.processor_name=? and te1_0.segment=? and te1_0.owner=?
Hibernate: update token_entry te1_0 set timestamp=? where te1_0.processor_name=? and te1_0.segment=? and te1_0.owner=?
Hibernate: update token_entry te1_0 set timestamp=? where te1_0.processor_name=? and te1_0.segment=? and te1_0.owner=?
Hibernate: update token_entry te1_0 set timestamp=? where te1_0.processor_name=? and te1_0.segment=? and te1_0.owner=?
Hibernate: update token_entry te1_0 set timestamp=? where te1_0.processor_name=? and te1_0.segment=? and te1_0.owner=?
Hibernate: update token_entry te1_0 set timestamp=? where te1_0.processor_name=? and te1_0.segment=? and te1_0.owner=?
Hibernate: update token_entry te1_0 set timestamp=? where te1_0.processor_name=? and te1_0.segment=? and te1_0.owner=?
Hibernate: update token_entry te1_0 set timestamp=? where te1_0.processor_name=? and te1_0.segment=? and te1_0.owner=?
Hibernate: update token_entry te1_0 set timestamp=? where te1_0.processor_name=? and te1_0.segment=? and te1_0.owner=?
Hibernate: update token_entry te1_0 set timestamp=? where te1_0.processor_name=? and te1_0.segment=? and te1_0.owner=?
Hibernate: update token_entry te1_0 set timestamp=? where te1_0.processor_name=? and te1_0.segment=? and te1_0.owner=?
Hibernate: update token_entry te1_0 set timestamp=? where te1_0.processor_name=? and te1_0.segment=? and te1_0.owner=?
Hibernate: update token_entry te1_0 set timestamp=? where te1_0.processor_name=? and te1_0.segment=? and te1_0.owner=?
Hibernate: update token_entry te1_0 set timestamp=? where te1_0.processor_name=? and te1_0.segment=? and te1_0.owner=?
Hibernate: update token_entry te1_0 set timestamp=? where te1_0.processor_name=? and te1_0.segment=? and te1_0.owner=?
Hibernate: update token_entry te1_0 set timestamp=? where te1_0.processor_name=? and te1_0.segment=? and te1_0.owner=?
Hibernate: update token_entry te1_0 set timestamp=? where te1_0.processor_name=? and te1_0.segment=? and te1_0.owner=?
Hibernate: update token_entry te1_0 set timestamp=? where te1_0.processor_name=? and te1_0.segment=? and te1_0.owner=?
Hibernate: update token_entry te1_0 set timestamp=? where te1_0.processor_name=? and te1_0.segment=? and te1_0.owner=?
Hibernate: update token_entry te1_0 set timestamp=? where te1_0.processor_name=? and te1_0.segment=? and te1_0.owner=?
Hibernate: update token_entry te1_0 set timestamp=? where te1_0.processor_name=? and te1_0.segment=? and te1_0.owner=?
Hibernate: update token_entry te1_0 set timestamp=? where te1_0.processor_name=? and te1_0.segment=? and te1_0.owner=?
Hibernate: update token_entry te1_0 set timestamp=? where te1_0.processor_name=? and te1_0.segment=? and te1_0.owner=?
Hibernate: update token_entry te1_0 set timestamp=? where te1_0.processor_name=? and te1_0.segment=? and te1_0.owner=?
Hibernate: update token_entry te1_0 set timestamp=? where te1_0.processor_name=? and te1_0.segment=? and te1_0.owner=?
Hibernate: update token_entry te1_0 set timestamp=? where te1_0.processor_name=? and te1_0.segment=? and te1_0.owner=?
Hibernate: update token_entry te1_0 set timestamp=? where te1_0.processor_name=? and te1_0.segment=? and te1_0.owner=?
Hibernate: update token_entry te1_0 set timestamp=? where te1_0.processor_name=? and te1_0.segment=? and te1_0.owner=?
Hibernate: update token_entry te1_0 set timestamp=? where te1_0.processor_name=? and te1_0.segment=? and te1_0.owner=?
Hibernate: update token_entry te1_0 set timestamp=? where te1_0.processor_name=? and te1_0.segment=? and te1_0.owner=?
Hibernate: update token_entry te1_0 set timestamp=? where te1_0.processor_name=? and te1_0.segment=? and te1_0.owner=?
Hibernate: update token_entry te1_0 set timestamp=? where te1_0.processor_name=? and te1_0.segment=? and te1_0.owner=?
Hibernate: update token_entry te1_0 set timestamp=? where te1_0.processor_name=? and te1_0.segment=? and te1_0.owner=?
Hibernate: update token_entry te1_0 set timestamp=? where te1_0.processor_name=? and te1_0.segment=? and te1_0.owner=?
Hibernate: update token_entry te1_0 set timestamp=? where te1_0.processor_name=? and te1_0.segment=? and te1_0.owner=?
Hibernate: update token_entry te1_0 set timestamp=? where te1_0.processor_name=? and te1_0.segment=? and te1_0.owner=?
Hibernate: update token_entry te1_0 set timestamp=? where te1_0.processor_name=? and te1_0.segment=? and te1_0.owner=?
Hibernate: update token_entry te1_0 set timestamp=? where te1_0.processor_name=? and te1_0.segment=? and te1_0.owner=?
Hibernate: update token_entry te1_0 set timestamp=? where te1_0.processor_name=? and te1_0.segment=? and te1_0.owner=?
Hibernate: update token_entry te1_0 set timestamp=? where te1_0.processor_name=? and te1_0.segment=? and te1_0.owner=?
Hibernate: update token_entry te1_0 set timestamp=? where te1_0.processor_name=? and te1_0.segment=? and te1_0.owner=?
Hibernate: update token_entry te1_0 set timestamp=? where te1_0.processor_name=? and te1_0.segment=? and te1_0.owner=?
Hibernate: update token_entry te1_0 set timestamp=? where te1_0.processor_name=? and te1_0.segment=? and te1_0.owner=?
Hibernate: update token_entry te1_0 set timestamp=? where te1_0.processor_name=? and te1_0.segment=? and te1_0.owner=?
Hibernate: update token_entry te1_0 set timestamp=? where te1_0.processor_name=? and te1_0.segment=? and te1_0.owner=?
Hibernate: update token_entry te1_0 set timestamp=? where te1_0.processor_name=? and te1_0.segment=? and te1_0.owner=?
Hibernate: update token_entry te1_0 set timestamp=? where te1_0.processor_name=? and te1_0.segment=? and te1_0.owner=?
Hibernate: update token_entry te1_0 set timestamp=? where te1_0.processor_name=? and te1_0.segment=? and te1_0.owner=?
Hibernate: update token_entry te1_0 set timestamp=? where te1_0.processor_name=? and te1_0.segment=? and te1_0.owner=?
Hibernate: update token_entry te1_0 set timestamp=? where te1_0.processor_name=? and te1_0.segment=? and te1_0.owner=?
Hibernate: update token_entry te1_0 set timestamp=? where te1_0.processor_name=? and te1_0.segment=? and te1_0.owner=?
Hibernate: update token_entry te1_0 set timestamp=? where te1_0.processor_name=? and te1_0.segment=? and te1_0.owner=?
Hibernate: update token_entry te1_0 set timestamp=? where te1_0.processor_name=? and te1_0.segment=? and te1_0.owner=?
Hibernate: update token_entry te1_0 set timestamp=? where te1_0.processor_name=? and te1_0.segment=? and te1_0.owner=?
Hibernate: update token_entry te1_0 set timestamp=? where te1_0.processor_name=? and te1_0.segment=? and te1_0.owner=?
Hibernate: update token_entry te1_0 set timestamp=? where te1_0.processor_name=? and te1_0.segment=? and te1_0.owner=?
Hibernate: update token_entry te1_0 set timestamp=? where te1_0.processor_name=? and te1_0.segment=? and te1_0.owner=?
Hibernate: update token_entry te1_0 set timestamp=? where te1_0.processor_name=? and te1_0.segment=? and te1_0.owner=?
Hibernate: update token_entry te1_0 set timestamp=? where te1_0.processor_name=? and te1_0.segment=? and te1_0.owner=?
Hibernate: update token_entry te1_0 set timestamp=? where te1_0.processor_name=? and te1_0.segment=? and te1_0.owner=?
Hibernate: update token_entry te1_0 set timestamp=? where te1_0.processor_name=? and te1_0.segment=? and te1_0.owner=?
Hibernate: update token_entry te1_0 set timestamp=? where te1_0.processor_name=? and te1_0.segment=? and te1_0.owner=?
Hibernate: update token_entry te1_0 set timestamp=? where te1_0.processor_name=? and te1_0.segment=? and te1_0.owner=?
Hibernate: update token_entry te1_0 set timestamp=? where te1_0.processor_name=? and te1_0.segment=? and te1_0.owner=?
Hibernate: update token_entry te1_0 set timestamp=? where te1_0.processor_name=? and te1_0.segment=? and te1_0.owner=?
Hibernate: update token_entry te1_0 set timestamp=? where te1_0.processor_name=? and te1_0.segment=? and te1_0.owner=?
Hibernate: update token_entry te1_0 set timestamp=? where te1_0.processor_name=? and te1_0.segment=? and te1_0.owner=?
Hibernate: update token_entry te1_0 set timestamp=? where te1_0.processor_name=? and te1_0.segment=? and te1_0.owner=?
Hibernate: update token_entry te1_0 set timestamp=? where te1_0.processor_name=? and te1_0.segment=? and te1_0.owner=?
Hibernate: update token_entry te1_0 set timestamp=? where te1_0.processor_name=? and te1_0.segment=? and te1_0.owner=?
Hibernate: update token_entry te1_0 set timestamp=? where te1_0.processor_name=? and te1_0.segment=? and te1_0.owner=?
Hibernate: update token_entry te1_0 set timestamp=? where te1_0.processor_name=? and te1_0.segment=? and te1_0.owner=?
Hibernate: update token_entry te1_0 set timestamp=? where te1_0.processor_name=? and te1_0.segment=? and te1_0.owner=?
Hibernate: update token_entry te1_0 set timestamp=? where te1_0.processor_name=? and te1_0.segment=? and te1_0.owner=?
Hibernate: update token_entry te1_0 set timestamp=? where te1_0.processor_name=? and te1_0.segment=? and te1_0.owner=?
Hibernate: update token_entry te1_0 set timestamp=? where te1_0.processor_name=? and te1_0.segment=? and te1_0.owner=?
Hibernate: update token_entry te1_0 set timestamp=? where te1_0.processor_name=? and te1_0.segment=? and te1_0.owner=?
Hibernate: update token_entry te1_0 set timestamp=? where te1_0.processor_name=? and te1_0.segment=? and te1_0.owner=?
Hibernate: update token_entry te1_0 set timestamp=? where te1_0.processor_name=? and te1_0.segment=? and te1_0.owner=?
Hibernate: update token_entry te1_0 set timestamp=? where te1_0.processor_name=? and te1_0.segment=? and te1_0.owner=?
Hibernate: update token_entry te1_0 set timestamp=? where te1_0.processor_name=? and te1_0.segment=? and te1_0.owner=?
Hibernate: update token_entry te1_0 set timestamp=? where te1_0.processor_name=? and te1_0.segment=? and te1_0.owner=?
Hibernate: update token_entry te1_0 set timestamp=? where te1_0.processor_name=? and te1_0.segment=? and te1_0.owner=?
Hibernate: update token_entry te1_0 set timestamp=? where te1_0.processor_name=? and te1_0.segment=? and te1_0.owner=?
Hibernate: update token_entry te1_0 set timestamp=? where te1_0.processor_name=? and te1_0.segment=? and te1_0.owner=?
Hibernate: update token_entry te1_0 set timestamp=? where te1_0.processor_name=? and te1_0.segment=? and te1_0.owner=?
Hibernate: update token_entry te1_0 set timestamp=? where te1_0.processor_name=? and te1_0.segment=? and te1_0.owner=?
Hibernate: update token_entry te1_0 set timestamp=? where te1_0.processor_name=? and te1_0.segment=? and te1_0.owner=?
Hibernate: update token_entry te1_0 set timestamp=? where te1_0.processor_name=? and te1_0.segment=? and te1_0.owner=?
Hibernate: update token_entry te1_0 set timestamp=? where te1_0.processor_name=? and te1_0.segment=? and te1_0.owner=?
Hibernate: update token_entry te1_0 set timestamp=? where te1_0.processor_name=? and te1_0.segment=? and te1_0.owner=?
Hibernate: update token_entry te1_0 set timestamp=? where te1_0.processor_name=? and te1_0.segment=? and te1_0.owner=?
Hibernate: update token_entry te1_0 set timestamp=? where te1_0.processor_name=? and te1_0.segment=? and te1_0.owner=?
Hibernate: update token_entry te1_0 set timestamp=? where te1_0.processor_name=? and te1_0.segment=? and te1_0.owner=?
Hibernate: update token_entry te1_0 set timestamp=? where te1_0.processor_name=? and te1_0.segment=? and te1_0.owner=?
Hibernate: update token_entry te1_0 set timestamp=? where te1_0.processor_name=? and te1_0.segment=? and te1_0.owner=?
Hibernate: update token_entry te1_0 set timestamp=? where te1_0.processor_name=? and te1_0.segment=? and te1_0.owner=?
Hibernate: update token_entry te1_0 set timestamp=? where te1_0.processor_name=? and te1_0.segment=? and te1_0.owner=?
Hibernate: update token_entry te1_0 set timestamp=? where te1_0.processor_name=? and te1_0.segment=? and te1_0.owner=?
Hibernate: update token_entry te1_0 set timestamp=? where te1_0.processor_name=? and te1_0.segment=? and te1_0.owner=?
Hibernate: update token_entry te1_0 set timestamp=? where te1_0.processor_name=? and te1_0.segment=? and te1_0.owner=?
Hibernate: update token_entry te1_0 set timestamp=? where te1_0.processor_name=? and te1_0.segment=? and te1_0.owner=?
Hibernate: update token_entry te1_0 set timestamp=? where te1_0.processor_name=? and te1_0.segment=? and te1_0.owner=?
Hibernate: update token_entry te1_0 set timestamp=? where te1_0.processor_name=? and te1_0.segment=? and te1_0.owner=?
Hibernate: update token_entry te1_0 set timestamp=? where te1_0.processor_name=? and te1_0.segment=? and te1_0.owner=?
Hibernate: update token_entry te1_0 set timestamp=? where te1_0.processor_name=? and te1_0.segment=? and te1_0.owner=?
Hibernate: update token_entry te1_0 set timestamp=? where te1_0.processor_name=? and te1_0.segment=? and te1_0.owner=?
Hibernate: update token_entry te1_0 set timestamp=? where te1_0.processor_name=? and te1_0.segment=? and te1_0.owner=?
Hibernate: update token_entry te1_0 set timestamp=? where te1_0.processor_name=? and te1_0.segment=? and te1_0.owner=?
Hibernate: update token_entry te1_0 set timestamp=? where te1_0.processor_name=? and te1_0.segment=? and te1_0.owner=?
Hibernate: update token_entry te1_0 set timestamp=? where te1_0.processor_name=? and te1_0.segment=? and te1_0.owner=?
Hibernate: update token_entry te1_0 set timestamp=? where te1_0.processor_name=? and te1_0.segment=? and te1_0.owner=?
Hibernate: update token_entry te1_0 set timestamp=? where te1_0.processor_name=? and te1_0.segment=? and te1_0.owner=?
Hibernate: update token_entry te1_0 set timestamp=? where te1_0.processor_name=? and te1_0.segment=? and te1_0.owner=?
Hibernate: update token_entry te1_0 set timestamp=? where te1_0.processor_name=? and te1_0.segment=? and te1_0.owner=?
Hibernate: update token_entry te1_0 set timestamp=? where te1_0.processor_name=? and te1_0.segment=? and te1_0.owner=?
Hibernate: update token_entry te1_0 set timestamp=? where te1_0.processor_name=? and te1_0.segment=? and te1_0.owner=?
Hibernate: update token_entry te1_0 set timestamp=? where te1_0.processor_name=? and te1_0.segment=? and te1_0.owner=?
Hibernate: update token_entry te1_0 set timestamp=? where te1_0.processor_name=? and te1_0.segment=? and te1_0.owner=?
Hibernate: update token_entry te1_0 set timestamp=? where te1_0.processor_name=? and te1_0.segment=? and te1_0.owner=?
Hibernate: update token_entry te1_0 set timestamp=? where te1_0.processor_name=? and te1_0.segment=? and te1_0.owner=?
Hibernate: update token_entry te1_0 set timestamp=? where te1_0.processor_name=? and te1_0.segment=? and te1_0.owner=?
Hibernate: update token_entry te1_0 set timestamp=? where te1_0.processor_name=? and te1_0.segment=? and te1_0.owner=?
Hibernate: update token_entry te1_0 set timestamp=? where te1_0.processor_name=? and te1_0.segment=? and te1_0.owner=?
Hibernate: update token_entry te1_0 set timestamp=? where te1_0.processor_name=? and te1_0.segment=? and te1_0.owner=?
Hibernate: update token_entry te1_0 set timestamp=? where te1_0.processor_name=? and te1_0.segment=? and te1_0.owner=?
Hibernate: update token_entry te1_0 set timestamp=? where te1_0.processor_name=? and te1_0.segment=? and te1_0.owner=?
Hibernate: update token_entry te1_0 set timestamp=? where te1_0.processor_name=? and te1_0.segment=? and te1_0.owner=?
Hibernate: update token_entry te1_0 set timestamp=? where te1_0.processor_name=? and te1_0.segment=? and te1_0.owner=?
Hibernate: update token_entry te1_0 set timestamp=? where te1_0.processor_name=? and te1_0.segment=? and te1_0.owner=?
Hibernate: update token_entry te1_0 set timestamp=? where te1_0.processor_name=? and te1_0.segment=? and te1_0.owner=?
Hibernate: update token_entry te1_0 set timestamp=? where te1_0.processor_name=? and te1_0.segment=? and te1_0.owner=?
Hibernate: update token_entry te1_0 set timestamp=? where te1_0.processor_name=? and te1_0.segment=? and te1_0.owner=?
Hibernate: update token_entry te1_0 set timestamp=? where te1_0.processor_name=? and te1_0.segment=? and te1_0.owner=?
Hibernate: update token_entry te1_0 set timestamp=? where te1_0.processor_name=? and te1_0.segment=? and te1_0.owner=?
Hibernate: update token_entry te1_0 set timestamp=? where te1_0.processor_name=? and te1_0.segment=? and te1_0.owner=?
Hibernate: update token_entry te1_0 set timestamp=? where te1_0.processor_name=? and te1_0.segment=? and te1_0.owner=?
Hibernate: update token_entry te1_0 set timestamp=? where te1_0.processor_name=? and te1_0.segment=? and te1_0.owner=?
Hibernate: update token_entry te1_0 set timestamp=? where te1_0.processor_name=? and te1_0.segment=? and te1_0.owner=?
Hibernate: update token_entry te1_0 set timestamp=? where te1_0.processor_name=? and te1_0.segment=? and te1_0.owner=?
Hibernate: update token_entry te1_0 set timestamp=? where te1_0.processor_name=? and te1_0.segment=? and te1_0.owner=?
Hibernate: update token_entry te1_0 set timestamp=? where te1_0.processor_name=? and te1_0.segment=? and te1_0.owner=?
Hibernate: update token_entry te1_0 set timestamp=? where te1_0.processor_name=? and te1_0.segment=? and te1_0.owner=?
Hibernate: update token_entry te1_0 set timestamp=? where te1_0.processor_name=? and te1_0.segment=? and te1_0.owner=?
Hibernate: update token_entry te1_0 set timestamp=? where te1_0.processor_name=? and te1_0.segment=? and te1_0.owner=?
Hibernate: update token_entry te1_0 set timestamp=? where te1_0.processor_name=? and te1_0.segment=? and te1_0.owner=?
Hibernate: update token_entry te1_0 set timestamp=? where te1_0.processor_name=? and te1_0.segment=? and te1_0.owner=?
Hibernate: update token_entry te1_0 set timestamp=? where te1_0.processor_name=? and te1_0.segment=? and te1_0.owner=?
Hibernate: update token_entry te1_0 set timestamp=? where te1_0.processor_name=? and te1_0.segment=? and te1_0.owner=?
Hibernate: update token_entry te1_0 set timestamp=? where te1_0.processor_name=? and te1_0.segment=? and te1_0.owner=?
Hibernate: update token_entry te1_0 set timestamp=? where te1_0.processor_name=? and te1_0.segment=? and te1_0.owner=?
Hibernate: update token_entry te1_0 set timestamp=? where te1_0.processor_name=? and te1_0.segment=? and te1_0.owner=?
Hibernate: update token_entry te1_0 set timestamp=? where te1_0.processor_name=? and te1_0.segment=? and te1_0.owner=?
Hibernate: update token_entry te1_0 set timestamp=? where te1_0.processor_name=? and te1_0.segment=? and te1_0.owner=?
Hibernate: update token_entry te1_0 set timestamp=? where te1_0.processor_name=? and te1_0.segment=? and te1_0.owner=?
Hibernate: update token_entry te1_0 set timestamp=? where te1_0.processor_name=? and te1_0.segment=? and te1_0.owner=?
Hibernate: update token_entry te1_0 set timestamp=? where te1_0.processor_name=? and te1_0.segment=? and te1_0.owner=?
Hibernate: update token_entry te1_0 set timestamp=? where te1_0.processor_name=? and te1_0.segment=? and te1_0.owner=?
Hibernate: update token_entry te1_0 set timestamp=? where te1_0.processor_name=? and te1_0.segment=? and te1_0.owner=?
Hibernate: update token_entry te1_0 set timestamp=? where te1_0.processor_name=? and te1_0.segment=? and te1_0.owner=?
Hibernate: update token_entry te1_0 set timestamp=? where te1_0.processor_name=? and te1_0.segment=? and te1_0.owner=?
Hibernate: update token_entry te1_0 set timestamp=? where te1_0.processor_name=? and te1_0.segment=? and te1_0.owner=?
Hibernate: update token_entry te1_0 set timestamp=? where te1_0.processor_name=? and te1_0.segment=? and te1_0.owner=?
Hibernate: update token_entry te1_0 set timestamp=? where te1_0.processor_name=? and te1_0.segment=? and te1_0.owner=?
Hibernate: update token_entry te1_0 set timestamp=? where te1_0.processor_name=? and te1_0.segment=? and te1_0.owner=?
Hibernate: update token_entry te1_0 set timestamp=? where te1_0.processor_name=? and te1_0.segment=? and te1_0.owner=?
Hibernate: update token_entry te1_0 set timestamp=? where te1_0.processor_name=? and te1_0.segment=? and te1_0.owner=?
Hibernate: update token_entry te1_0 set timestamp=? where te1_0.processor_name=? and te1_0.segment=? and te1_0.owner=?
Hibernate: update token_entry te1_0 set timestamp=? where te1_0.processor_name=? and te1_0.segment=? and te1_0.owner=?
Hibernate: update token_entry te1_0 set timestamp=? where te1_0.processor_name=? and te1_0.segment=? and te1_0.owner=?
Hibernate: update token_entry te1_0 set timestamp=? where te1_0.processor_name=? and te1_0.segment=? and te1_0.owner=?
Hibernate: update token_entry te1_0 set timestamp=? where te1_0.processor_name=? and te1_0.segment=? and te1_0.owner=?
Hibernate: update token_entry te1_0 set timestamp=? where te1_0.processor_name=? and te1_0.segment=? and te1_0.owner=?
Hibernate: update token_entry te1_0 set timestamp=? where te1_0.processor_name=? and te1_0.segment=? and te1_0.owner=?
Hibernate: update token_entry te1_0 set timestamp=? where te1_0.processor_name=? and te1_0.segment=? and te1_0.owner=?
Hibernate: update token_entry te1_0 set timestamp=? where te1_0.processor_name=? and te1_0.segment=? and te1_0.owner=?
Hibernate: update token_entry te1_0 set timestamp=? where te1_0.processor_name=? and te1_0.segment=? and te1_0.owner=?
Hibernate: update token_entry te1_0 set timestamp=? where te1_0.processor_name=? and te1_0.segment=? and te1_0.owner=?
Hibernate: update token_entry te1_0 set timestamp=? where te1_0.processor_name=? and te1_0.segment=? and te1_0.owner=?
Hibernate: update token_entry te1_0 set timestamp=? where te1_0.processor_name=? and te1_0.segment=? and te1_0.owner=?
Hibernate: update token_entry te1_0 set timestamp=? where te1_0.processor_name=? and te1_0.segment=? and te1_0.owner=?
Hibernate: update token_entry te1_0 set timestamp=? where te1_0.processor_name=? and te1_0.segment=? and te1_0.owner=?
Hibernate: update token_entry te1_0 set timestamp=? where te1_0.processor_name=? and te1_0.segment=? and te1_0.owner=?
Hibernate: update token_entry te1_0 set timestamp=? where te1_0.processor_name=? and te1_0.segment=? and te1_0.owner=?
Hibernate: update token_entry te1_0 set timestamp=? where te1_0.processor_name=? and te1_0.segment=? and te1_0.owner=?
Hibernate: update token_entry te1_0 set timestamp=? where te1_0.processor_name=? and te1_0.segment=? and te1_0.owner=?
Hibernate: update token_entry te1_0 set timestamp=? where te1_0.processor_name=? and te1_0.segment=? and te1_0.owner=?
Hibernate: update token_entry te1_0 set timestamp=? where te1_0.processor_name=? and te1_0.segment=? and te1_0.owner=?
Hibernate: update token_entry te1_0 set timestamp=? where te1_0.processor_name=? and te1_0.segment=? and te1_0.owner=?
Hibernate: update token_entry te1_0 set timestamp=? where te1_0.processor_name=? and te1_0.segment=? and te1_0.owner=?
Hibernate: update token_entry te1_0 set timestamp=? where te1_0.processor_name=? and te1_0.segment=? and te1_0.owner=?
Hibernate: update token_entry te1_0 set timestamp=? where te1_0.processor_name=? and te1_0.segment=? and te1_0.owner=?
Hibernate: update token_entry te1_0 set timestamp=? where te1_0.processor_name=? and te1_0.segment=? and te1_0.owner=?
Hibernate: update token_entry te1_0 set timestamp=? where te1_0.processor_name=? and te1_0.segment=? and te1_0.owner=?
Hibernate: update token_entry te1_0 set timestamp=? where te1_0.processor_name=? and te1_0.segment=? and te1_0.owner=?
Hibernate: update token_entry te1_0 set timestamp=? where te1_0.processor_name=? and te1_0.segment=? and te1_0.owner=?
Hibernate: update token_entry te1_0 set timestamp=? where te1_0.processor_name=? and te1_0.segment=? and te1_0.owner=?
Hibernate: update token_entry te1_0 set timestamp=? where te1_0.processor_name=? and te1_0.segment=? and te1_0.owner=?
Hibernate: update token_entry te1_0 set timestamp=? where te1_0.processor_name=? and te1_0.segment=? and te1_0.owner=?
Hibernate: update token_entry te1_0 set timestamp=? where te1_0.processor_name=? and te1_0.segment=? and te1_0.owner=?
Hibernate: update token_entry te1_0 set timestamp=? where te1_0.processor_name=? and te1_0.segment=? and te1_0.owner=?
Hibernate: update token_entry te1_0 set timestamp=? where te1_0.processor_name=? and te1_0.segment=? and te1_0.owner=?
Hibernate: update token_entry te1_0 set timestamp=? where te1_0.processor_name=? and te1_0.segment=? and te1_0.owner=?
Hibernate: update token_entry te1_0 set timestamp=? where te1_0.processor_name=? and te1_0.segment=? and te1_0.owner=?
Hibernate: update token_entry te1_0 set timestamp=? where te1_0.processor_name=? and te1_0.segment=? and te1_0.owner=?
Hibernate: update token_entry te1_0 set timestamp=? where te1_0.processor_name=? and te1_0.segment=? and te1_0.owner=?
Hibernate: update token_entry te1_0 set timestamp=? where te1_0.processor_name=? and te1_0.segment=? and te1_0.owner=?
Hibernate: update token_entry te1_0 set timestamp=? where te1_0.processor_name=? and te1_0.segment=? and te1_0.owner=?
Hibernate: update token_entry te1_0 set timestamp=? where te1_0.processor_name=? and te1_0.segment=? and te1_0.owner=?
Hibernate: update token_entry te1_0 set timestamp=? where te1_0.processor_name=? and te1_0.segment=? and te1_0.owner=?
Hibernate: update token_entry te1_0 set timestamp=? where te1_0.processor_name=? and te1_0.segment=? and te1_0.owner=?
Hibernate: update token_entry te1_0 set timestamp=? where te1_0.processor_name=? and te1_0.segment=? and te1_0.owner=?
Hibernate: update token_entry te1_0 set timestamp=? where te1_0.processor_name=? and te1_0.segment=? and te1_0.owner=?
Hibernate: update token_entry te1_0 set timestamp=? where te1_0.processor_name=? and te1_0.segment=? and te1_0.owner=?
Hibernate: update token_entry te1_0 set timestamp=? where te1_0.processor_name=? and te1_0.segment=? and te1_0.owner=?
Hibernate: update token_entry te1_0 set timestamp=? where te1_0.processor_name=? and te1_0.segment=? and te1_0.owner=?
Hibernate: update token_entry te1_0 set timestamp=? where te1_0.processor_name=? and te1_0.segment=? and te1_0.owner=?
Hibernate: update token_entry te1_0 set timestamp=? where te1_0.processor_name=? and te1_0.segment=? and te1_0.owner=?
Hibernate: update token_entry te1_0 set timestamp=? where te1_0.processor_name=? and te1_0.segment=? and te1_0.owner=?
Hibernate: update token_entry te1_0 set timestamp=? where te1_0.processor_name=? and te1_0.segment=? and te1_0.owner=?
Hibernate: update token_entry te1_0 set timestamp=? where te1_0.processor_name=? and te1_0.segment=? and te1_0.owner=?
Hibernate: update token_entry te1_0 set timestamp=? where te1_0.processor_name=? and te1_0.segment=? and te1_0.owner=?
Hibernate: update token_entry te1_0 set timestamp=? where te1_0.processor_name=? and te1_0.segment=? and te1_0.owner=?
Hibernate: update token_entry te1_0 set timestamp=? where te1_0.processor_name=? and te1_0.segment=? and te1_0.owner=?
Hibernate: update token_entry te1_0 set timestamp=? where te1_0.processor_name=? and te1_0.segment=? and te1_0.owner=?
Hibernate: update token_entry te1_0 set timestamp=? where te1_0.processor_name=? and te1_0.segment=? and te1_0.owner=?
Hibernate: update token_entry te1_0 set timestamp=? where te1_0.processor_name=? and te1_0.segment=? and te1_0.owner=?
Hibernate: update token_entry te1_0 set timestamp=? where te1_0.processor_name=? and te1_0.segment=? and te1_0.owner=?
Hibernate: update token_entry te1_0 set timestamp=? where te1_0.processor_name=? and te1_0.segment=? and te1_0.owner=?
Hibernate: update token_entry te1_0 set timestamp=? where te1_0.processor_name=? and te1_0.segment=? and te1_0.owner=?
Hibernate: update token_entry te1_0 set timestamp=? where te1_0.processor_name=? and te1_0.segment=? and te1_0.owner=?
Hibernate: update token_entry te1_0 set timestamp=? where te1_0.processor_name=? and te1_0.segment=? and te1_0.owner=?
Hibernate: update token_entry te1_0 set timestamp=? where te1_0.processor_name=? and te1_0.segment=? and te1_0.owner=?
Hibernate: update token_entry te1_0 set timestamp=? where te1_0.processor_name=? and te1_0.segment=? and te1_0.owner=?
Hibernate: update token_entry te1_0 set timestamp=? where te1_0.processor_name=? and te1_0.segment=? and te1_0.owner=?
Hibernate: update token_entry te1_0 set timestamp=? where te1_0.processor_name=? and te1_0.segment=? and te1_0.owner=?
Hibernate: update token_entry te1_0 set timestamp=? where te1_0.processor_name=? and te1_0.segment=? and te1_0.owner=?
Hibernate: update token_entry te1_0 set timestamp=? where te1_0.processor_name=? and te1_0.segment=? and te1_0.owner=?
Hibernate: update token_entry te1_0 set timestamp=? where te1_0.processor_name=? and te1_0.segment=? and te1_0.owner=?
Hibernate: update token_entry te1_0 set timestamp=? where te1_0.processor_name=? and te1_0.segment=? and te1_0.owner=?
Hibernate: update token_entry te1_0 set timestamp=? where te1_0.processor_name=? and te1_0.segment=? and te1_0.owner=?
Hibernate: update token_entry te1_0 set timestamp=? where te1_0.processor_name=? and te1_0.segment=? and te1_0.owner=?
Hibernate: update token_entry te1_0 set timestamp=? where te1_0.processor_name=? and te1_0.segment=? and te1_0.owner=?
Hibernate: update token_entry te1_0 set timestamp=? where te1_0.processor_name=? and te1_0.segment=? and te1_0.owner=?
Hibernate: update token_entry te1_0 set timestamp=? where te1_0.processor_name=? and te1_0.segment=? and te1_0.owner=?
Hibernate: update token_entry te1_0 set timestamp=? where te1_0.processor_name=? and te1_0.segment=? and te1_0.owner=?
Hibernate: update token_entry te1_0 set timestamp=? where te1_0.processor_name=? and te1_0.segment=? and te1_0.owner=?
Hibernate: update token_entry te1_0 set timestamp=? where te1_0.processor_name=? and te1_0.segment=? and te1_0.owner=?
Hibernate: update token_entry te1_0 set timestamp=? where te1_0.processor_name=? and te1_0.segment=? and te1_0.owner=?
Hibernate: update token_entry te1_0 set timestamp=? where te1_0.processor_name=? and te1_0.segment=? and te1_0.owner=?
Hibernate: update token_entry te1_0 set timestamp=? where te1_0.processor_name=? and te1_0.segment=? and te1_0.owner=?
Hibernate: update token_entry te1_0 set timestamp=? where te1_0.processor_name=? and te1_0.segment=? and te1_0.owner=?
Hibernate: update token_entry te1_0 set timestamp=? where te1_0.processor_name=? and te1_0.segment=? and te1_0.owner=?
Hibernate: update token_entry te1_0 set timestamp=? where te1_0.processor_name=? and te1_0.segment=? and te1_0.owner=?
Hibernate: update token_entry te1_0 set timestamp=? where te1_0.processor_name=? and te1_0.segment=? and te1_0.owner=?
Hibernate: update token_entry te1_0 set timestamp=? where te1_0.processor_name=? and te1_0.segment=? and te1_0.owner=?
Hibernate: update token_entry te1_0 set timestamp=? where te1_0.processor_name=? and te1_0.segment=? and te1_0.owner=?
Hibernate: update token_entry te1_0 set timestamp=? where te1_0.processor_name=? and te1_0.segment=? and te1_0.owner=?
Hibernate: update token_entry te1_0 set timestamp=? where te1_0.processor_name=? and te1_0.segment=? and te1_0.owner=?
Hibernate: update token_entry te1_0 set timestamp=? where te1_0.processor_name=? and te1_0.segment=? and te1_0.owner=?
Hibernate: update token_entry te1_0 set timestamp=? where te1_0.processor_name=? and te1_0.segment=? and te1_0.owner=?
Hibernate: update token_entry te1_0 set timestamp=? where te1_0.processor_name=? and te1_0.segment=? and te1_0.owner=?
Hibernate: update token_entry te1_0 set timestamp=? where te1_0.processor_name=? and te1_0.segment=? and te1_0.owner=?
Hibernate: update token_entry te1_0 set timestamp=? where te1_0.processor_name=? and te1_0.segment=? and te1_0.owner=?
Hibernate: update token_entry te1_0 set timestamp=? where te1_0.processor_name=? and te1_0.segment=? and te1_0.owner=?
Hibernate: update token_entry te1_0 set timestamp=? where te1_0.processor_name=? and te1_0.segment=? and te1_0.owner=?
Hibernate: update token_entry te1_0 set timestamp=? where te1_0.processor_name=? and te1_0.segment=? and te1_0.owner=?
Hibernate: update token_entry te1_0 set timestamp=? where te1_0.processor_name=? and te1_0.segment=? and te1_0.owner=?
Hibernate: update token_entry te1_0 set timestamp=? where te1_0.processor_name=? and te1_0.segment=? and te1_0.owner=?
Hibernate: update token_entry te1_0 set timestamp=? where te1_0.processor_name=? and te1_0.segment=? and te1_0.owner=?
Hibernate: update token_entry te1_0 set timestamp=? where te1_0.processor_name=? and te1_0.segment=? and te1_0.owner=?
Hibernate: update token_entry te1_0 set timestamp=? where te1_0.processor_name=? and te1_0.segment=? and te1_0.owner=?
Hibernate: update token_entry te1_0 set timestamp=? where te1_0.processor_name=? and te1_0.segment=? and te1_0.owner=?
Hibernate: update token_entry te1_0 set timestamp=? where te1_0.processor_name=? and te1_0.segment=? and te1_0.owner=?
Hibernate: update token_entry te1_0 set timestamp=? where te1_0.processor_name=? and te1_0.segment=? and te1_0.owner=?
Hibernate: update token_entry te1_0 set timestamp=? where te1_0.processor_name=? and te1_0.segment=? and te1_0.owner=?
Hibernate: update token_entry te1_0 set timestamp=? where te1_0.processor_name=? and te1_0.segment=? and te1_0.owner=?
Hibernate: update token_entry te1_0 set timestamp=? where te1_0.processor_name=? and te1_0.segment=? and te1_0.owner=?
Hibernate: update token_entry te1_0 set timestamp=? where te1_0.processor_name=? and te1_0.segment=? and te1_0.owner=?
Hibernate: update token_entry te1_0 set timestamp=? where te1_0.processor_name=? and te1_0.segment=? and te1_0.owner=?
Hibernate: update token_entry te1_0 set timestamp=? where te1_0.processor_name=? and te1_0.segment=? and te1_0.owner=?
Hibernate: update token_entry te1_0 set timestamp=? where te1_0.processor_name=? and te1_0.segment=? and te1_0.owner=?
Hibernate: update token_entry te1_0 set timestamp=? where te1_0.processor_name=? and te1_0.segment=? and te1_0.owner=?
Hibernate: update token_entry te1_0 set timestamp=? where te1_0.processor_name=? and te1_0.segment=? and te1_0.owner=?
Hibernate: update token_entry te1_0 set timestamp=? where te1_0.processor_name=? and te1_0.segment=? and te1_0.owner=?
Hibernate: update token_entry te1_0 set timestamp=? where te1_0.processor_name=? and te1_0.segment=? and te1_0.owner=?
Hibernate: update token_entry te1_0 set timestamp=? where te1_0.processor_name=? and te1_0.segment=? and te1_0.owner=?
Hibernate: update token_entry te1_0 set timestamp=? where te1_0.processor_name=? and te1_0.segment=? and te1_0.owner=?
Hibernate: update token_entry te1_0 set timestamp=? where te1_0.processor_name=? and te1_0.segment=? and te1_0.owner=?
Hibernate: update token_entry te1_0 set timestamp=? where te1_0.processor_name=? and te1_0.segment=? and te1_0.owner=?
Hibernate: update token_entry te1_0 set timestamp=? where te1_0.processor_name=? and te1_0.segment=? and te1_0.owner=?
Hibernate: update token_entry te1_0 set timestamp=? where te1_0.processor_name=? and te1_0.segment=? and te1_0.owner=?
Hibernate: update token_entry te1_0 set timestamp=? where te1_0.processor_name=? and te1_0.segment=? and te1_0.owner=?
Hibernate: update token_entry te1_0 set timestamp=? where te1_0.processor_name=? and te1_0.segment=? and te1_0.owner=?
Hibernate: update token_entry te1_0 set timestamp=? where te1_0.processor_name=? and te1_0.segment=? and te1_0.owner=?
Hibernate: update token_entry te1_0 set timestamp=? where te1_0.processor_name=? and te1_0.segment=? and te1_0.owner=?
Hibernate: update token_entry te1_0 set timestamp=? where te1_0.processor_name=? and te1_0.segment=? and te1_0.owner=?
Hibernate: update token_entry te1_0 set timestamp=? where te1_0.processor_name=? and te1_0.segment=? and te1_0.owner=?
Hibernate: update token_entry te1_0 set timestamp=? where te1_0.processor_name=? and te1_0.segment=? and te1_0.owner=?
Hibernate: update token_entry te1_0 set timestamp=? where te1_0.processor_name=? and te1_0.segment=? and te1_0.owner=?
Hibernate: update token_entry te1_0 set timestamp=? where te1_0.processor_name=? and te1_0.segment=? and te1_0.owner=?
Hibernate: update token_entry te1_0 set timestamp=? where te1_0.processor_name=? and te1_0.segment=? and te1_0.owner=?
Hibernate: update token_entry te1_0 set timestamp=? where te1_0.processor_name=? and te1_0.segment=? and te1_0.owner=?
Hibernate: update token_entry te1_0 set timestamp=? where te1_0.processor_name=? and te1_0.segment=? and te1_0.owner=?
Hibernate: update token_entry te1_0 set timestamp=? where te1_0.processor_name=? and te1_0.segment=? and te1_0.owner=?
Hibernate: update token_entry te1_0 set timestamp=? where te1_0.processor_name=? and te1_0.segment=? and te1_0.owner=?
Hibernate: update token_entry te1_0 set timestamp=? where te1_0.processor_name=? and te1_0.segment=? and te1_0.owner=?
Hibernate: update token_entry te1_0 set timestamp=? where te1_0.processor_name=? and te1_0.segment=? and te1_0.owner=?
Hibernate: update token_entry te1_0 set timestamp=? where te1_0.processor_name=? and te1_0.segment=? and te1_0.owner=?
Hibernate: update token_entry te1_0 set timestamp=? where te1_0.processor_name=? and te1_0.segment=? and te1_0.owner=?
Hibernate: update token_entry te1_0 set timestamp=? where te1_0.processor_name=? and te1_0.segment=? and te1_0.owner=?
Hibernate: update token_entry te1_0 set timestamp=? where te1_0.processor_name=? and te1_0.segment=? and te1_0.owner=?
Hibernate: update token_entry te1_0 set timestamp=? where te1_0.processor_name=? and te1_0.segment=? and te1_0.owner=?
Hibernate: update token_entry te1_0 set timestamp=? where te1_0.processor_name=? and te1_0.segment=? and te1_0.owner=?
Hibernate: update token_entry te1_0 set timestamp=? where te1_0.processor_name=? and te1_0.segment=? and te1_0.owner=?
Hibernate: update token_entry te1_0 set timestamp=? where te1_0.processor_name=? and te1_0.segment=? and te1_0.owner=?
Hibernate: update token_entry te1_0 set timestamp=? where te1_0.processor_name=? and te1_0.segment=? and te1_0.owner=?
Hibernate: update token_entry te1_0 set timestamp=? where te1_0.processor_name=? and te1_0.segment=? and te1_0.owner=?
Hibernate: update token_entry te1_0 set timestamp=? where te1_0.processor_name=? and te1_0.segment=? and te1_0.owner=?
Hibernate: update token_entry te1_0 set timestamp=? where te1_0.processor_name=? and te1_0.segment=? and te1_0.owner=?
Hibernate: update token_entry te1_0 set timestamp=? where te1_0.processor_name=? and te1_0.segment=? and te1_0.owner=?
Hibernate: update token_entry te1_0 set timestamp=? where te1_0.processor_name=? and te1_0.segment=? and te1_0.owner=?
Hibernate: update token_entry te1_0 set timestamp=? where te1_0.processor_name=? and te1_0.segment=? and te1_0.owner=?
Hibernate: update token_entry te1_0 set timestamp=? where te1_0.processor_name=? and te1_0.segment=? and te1_0.owner=?
Hibernate: update token_entry te1_0 set timestamp=? where te1_0.processor_name=? and te1_0.segment=? and te1_0.owner=?
Hibernate: update token_entry te1_0 set timestamp=? where te1_0.processor_name=? and te1_0.segment=? and te1_0.owner=?
Hibernate: update token_entry te1_0 set timestamp=? where te1_0.processor_name=? and te1_0.segment=? and te1_0.owner=?
Hibernate: update token_entry te1_0 set timestamp=? where te1_0.processor_name=? and te1_0.segment=? and te1_0.owner=?
Hibernate: update token_entry te1_0 set timestamp=? where te1_0.processor_name=? and te1_0.segment=? and te1_0.owner=?
Hibernate: update token_entry te1_0 set timestamp=? where te1_0.processor_name=? and te1_0.segment=? and te1_0.owner=?
Hibernate: update token_entry te1_0 set timestamp=? where te1_0.processor_name=? and te1_0.segment=? and te1_0.owner=?
Hibernate: update token_entry te1_0 set timestamp=? where te1_0.processor_name=? and te1_0.segment=? and te1_0.owner=?
Hibernate: update token_entry te1_0 set timestamp=? where te1_0.processor_name=? and te1_0.segment=? and te1_0.owner=?
Hibernate: update token_entry te1_0 set timestamp=? where te1_0.processor_name=? and te1_0.segment=? and te1_0.owner=?
Hibernate: update token_entry te1_0 set timestamp=? where te1_0.processor_name=? and te1_0.segment=? and te1_0.owner=?
Hibernate: update token_entry te1_0 set timestamp=? where te1_0.processor_name=? and te1_0.segment=? and te1_0.owner=?
Hibernate: update token_entry te1_0 set timestamp=? where te1_0.processor_name=? and te1_0.segment=? and te1_0.owner=?
Hibernate: update token_entry te1_0 set timestamp=? where te1_0.processor_name=? and te1_0.segment=? and te1_0.owner=?
Hibernate: update token_entry te1_0 set timestamp=? where te1_0.processor_name=? and te1_0.segment=? and te1_0.owner=?
Hibernate: update token_entry te1_0 set timestamp=? where te1_0.processor_name=? and te1_0.segment=? and te1_0.owner=?
Hibernate: update token_entry te1_0 set timestamp=? where te1_0.processor_name=? and te1_0.segment=? and te1_0.owner=?
Hibernate: update token_entry te1_0 set timestamp=? where te1_0.processor_name=? and te1_0.segment=? and te1_0.owner=?
Hibernate: update token_entry te1_0 set timestamp=? where te1_0.processor_name=? and te1_0.segment=? and te1_0.owner=?
Hibernate: update token_entry te1_0 set timestamp=? where te1_0.processor_name=? and te1_0.segment=? and te1_0.owner=?
Hibernate: update token_entry te1_0 set timestamp=? where te1_0.processor_name=? and te1_0.segment=? and te1_0.owner=?
Hibernate: update token_entry te1_0 set timestamp=? where te1_0.processor_name=? and te1_0.segment=? and te1_0.owner=?
Hibernate: update token_entry te1_0 set timestamp=? where te1_0.processor_name=? and te1_0.segment=? and te1_0.owner=?
Hibernate: update token_entry te1_0 set timestamp=? where te1_0.processor_name=? and te1_0.segment=? and te1_0.owner=?
Hibernate: update token_entry te1_0 set timestamp=? where te1_0.processor_name=? and te1_0.segment=? and te1_0.owner=?
Hibernate: update token_entry te1_0 set timestamp=? where te1_0.processor_name=? and te1_0.segment=? and te1_0.owner=?
Hibernate: update token_entry te1_0 set timestamp=? where te1_0.processor_name=? and te1_0.segment=? and te1_0.owner=?
Hibernate: update token_entry te1_0 set timestamp=? where te1_0.processor_name=? and te1_0.segment=? and te1_0.owner=?
Hibernate: update token_entry te1_0 set timestamp=? where te1_0.processor_name=? and te1_0.segment=? and te1_0.owner=?
Hibernate: update token_entry te1_0 set timestamp=? where te1_0.processor_name=? and te1_0.segment=? and te1_0.owner=?
Hibernate: update token_entry te1_0 set timestamp=? where te1_0.processor_name=? and te1_0.segment=? and te1_0.owner=?
Hibernate: update token_entry te1_0 set timestamp=? where te1_0.processor_name=? and te1_0.segment=? and te1_0.owner=?
Hibernate: update token_entry te1_0 set timestamp=? where te1_0.processor_name=? and te1_0.segment=? and te1_0.owner=?
Hibernate: update token_entry te1_0 set timestamp=? where te1_0.processor_name=? and te1_0.segment=? and te1_0.owner=?
Hibernate: update token_entry te1_0 set timestamp=? where te1_0.processor_name=? and te1_0.segment=? and te1_0.owner=?
Hibernate: update token_entry te1_0 set timestamp=? where te1_0.processor_name=? and te1_0.segment=? and te1_0.owner=?
Hibernate: update token_entry te1_0 set timestamp=? where te1_0.processor_name=? and te1_0.segment=? and te1_0.owner=?
Hibernate: update token_entry te1_0 set timestamp=? where te1_0.processor_name=? and te1_0.segment=? and te1_0.owner=?
Hibernate: update token_entry te1_0 set timestamp=? where te1_0.processor_name=? and te1_0.segment=? and te1_0.owner=?
Hibernate: update token_entry te1_0 set timestamp=? where te1_0.processor_name=? and te1_0.segment=? and te1_0.owner=?
Hibernate: update token_entry te1_0 set timestamp=? where te1_0.processor_name=? and te1_0.segment=? and te1_0.owner=?
Hibernate: update token_entry te1_0 set timestamp=? where te1_0.processor_name=? and te1_0.segment=? and te1_0.owner=?
Hibernate: update token_entry te1_0 set timestamp=? where te1_0.processor_name=? and te1_0.segment=? and te1_0.owner=?
Hibernate: update token_entry te1_0 set timestamp=? where te1_0.processor_name=? and te1_0.segment=? and te1_0.owner=?
Hibernate: update token_entry te1_0 set timestamp=? where te1_0.processor_name=? and te1_0.segment=? and te1_0.owner=?
Hibernate: update token_entry te1_0 set timestamp=? where te1_0.processor_name=? and te1_0.segment=? and te1_0.owner=?
Hibernate: update token_entry te1_0 set timestamp=? where te1_0.processor_name=? and te1_0.segment=? and te1_0.owner=?
Hibernate: update token_entry te1_0 set timestamp=? where te1_0.processor_name=? and te1_0.segment=? and te1_0.owner=?
Hibernate: update token_entry te1_0 set timestamp=? where te1_0.processor_name=? and te1_0.segment=? and te1_0.owner=?
Hibernate: update token_entry te1_0 set timestamp=? where te1_0.processor_name=? and te1_0.segment=? and te1_0.owner=?
Hibernate: update token_entry te1_0 set timestamp=? where te1_0.processor_name=? and te1_0.segment=? and te1_0.owner=?
Hibernate: update token_entry te1_0 set timestamp=? where te1_0.processor_name=? and te1_0.segment=? and te1_0.owner=?
Hibernate: update token_entry te1_0 set timestamp=? where te1_0.processor_name=? and te1_0.segment=? and te1_0.owner=?
Hibernate: update token_entry te1_0 set timestamp=? where te1_0.processor_name=? and te1_0.segment=? and te1_0.owner=?
Hibernate: update token_entry te1_0 set timestamp=? where te1_0.processor_name=? and te1_0.segment=? and te1_0.owner=?
Hibernate: update token_entry te1_0 set timestamp=? where te1_0.processor_name=? and te1_0.segment=? and te1_0.owner=?
Hibernate: update token_entry te1_0 set timestamp=? where te1_0.processor_name=? and te1_0.segment=? and te1_0.owner=?
Hibernate: update token_entry te1_0 set timestamp=? where te1_0.processor_name=? and te1_0.segment=? and te1_0.owner=?
Hibernate: update token_entry te1_0 set timestamp=? where te1_0.processor_name=? and te1_0.segment=? and te1_0.owner=?
Hibernate: update token_entry te1_0 set timestamp=? where te1_0.processor_name=? and te1_0.segment=? and te1_0.owner=?
Hibernate: update token_entry te1_0 set timestamp=? where te1_0.processor_name=? and te1_0.segment=? and te1_0.owner=?
Hibernate: update token_entry te1_0 set timestamp=? where te1_0.processor_name=? and te1_0.segment=? and te1_0.owner=?
Hibernate: update token_entry te1_0 set timestamp=? where te1_0.processor_name=? and te1_0.segment=? and te1_0.owner=?
Hibernate: update token_entry te1_0 set timestamp=? where te1_0.processor_name=? and te1_0.segment=? and te1_0.owner=?
Hibernate: update token_entry te1_0 set timestamp=? where te1_0.processor_name=? and te1_0.segment=? and te1_0.owner=?
Hibernate: update token_entry te1_0 set timestamp=? where te1_0.processor_name=? and te1_0.segment=? and te1_0.owner=?
Hibernate: update token_entry te1_0 set timestamp=? where te1_0.processor_name=? and te1_0.segment=? and te1_0.owner=?
Hibernate: update token_entry te1_0 set timestamp=? where te1_0.processor_name=? and te1_0.segment=? and te1_0.owner=?
Hibernate: update token_entry te1_0 set timestamp=? where te1_0.processor_name=? and te1_0.segment=? and te1_0.owner=?
Hibernate: update token_entry te1_0 set timestamp=? where te1_0.processor_name=? and te1_0.segment=? and te1_0.owner=?
Hibernate: update token_entry te1_0 set timestamp=? where te1_0.processor_name=? and te1_0.segment=? and te1_0.owner=?
Hibernate: update token_entry te1_0 set timestamp=? where te1_0.processor_name=? and te1_0.segment=? and te1_0.owner=?
Hibernate: update token_entry te1_0 set timestamp=? where te1_0.processor_name=? and te1_0.segment=? and te1_0.owner=?
Hibernate: update token_entry te1_0 set timestamp=? where te1_0.processor_name=? and te1_0.segment=? and te1_0.owner=?
Hibernate: update token_entry te1_0 set timestamp=? where te1_0.processor_name=? and te1_0.segment=? and te1_0.owner=?
Hibernate: update token_entry te1_0 set timestamp=? where te1_0.processor_name=? and te1_0.segment=? and te1_0.owner=?
Hibernate: update token_entry te1_0 set timestamp=? where te1_0.processor_name=? and te1_0.segment=? and te1_0.owner=?
Hibernate: update token_entry te1_0 set timestamp=? where te1_0.processor_name=? and te1_0.segment=? and te1_0.owner=?
Hibernate: update token_entry te1_0 set timestamp=? where te1_0.processor_name=? and te1_0.segment=? and te1_0.owner=?
Hibernate: update token_entry te1_0 set timestamp=? where te1_0.processor_name=? and te1_0.segment=? and te1_0.owner=?
Hibernate: update token_entry te1_0 set timestamp=? where te1_0.processor_name=? and te1_0.segment=? and te1_0.owner=?
Hibernate: update token_entry te1_0 set timestamp=? where te1_0.processor_name=? and te1_0.segment=? and te1_0.owner=?
Hibernate: update token_entry te1_0 set timestamp=? where te1_0.processor_name=? and te1_0.segment=? and te1_0.owner=?
Hibernate: update token_entry te1_0 set timestamp=? where te1_0.processor_name=? and te1_0.segment=? and te1_0.owner=?
Hibernate: update token_entry te1_0 set timestamp=? where te1_0.processor_name=? and te1_0.segment=? and te1_0.owner=?
Hibernate: update token_entry te1_0 set timestamp=? where te1_0.processor_name=? and te1_0.segment=? and te1_0.owner=?
Hibernate: update token_entry te1_0 set timestamp=? where te1_0.processor_name=? and te1_0.segment=? and te1_0.owner=?
Hibernate: update token_entry te1_0 set timestamp=? where te1_0.processor_name=? and te1_0.segment=? and te1_0.owner=?
Hibernate: update token_entry te1_0 set timestamp=? where te1_0.processor_name=? and te1_0.segment=? and te1_0.owner=?
Hibernate: update token_entry te1_0 set timestamp=? where te1_0.processor_name=? and te1_0.segment=? and te1_0.owner=?
Hibernate: update token_entry te1_0 set timestamp=? where te1_0.processor_name=? and te1_0.segment=? and te1_0.owner=?
Hibernate: update token_entry te1_0 set timestamp=? where te1_0.processor_name=? and te1_0.segment=? and te1_0.owner=?
Hibernate: update token_entry te1_0 set timestamp=? where te1_0.processor_name=? and te1_0.segment=? and te1_0.owner=?
Hibernate: update token_entry te1_0 set timestamp=? where te1_0.processor_name=? and te1_0.segment=? and te1_0.owner=?
Hibernate: update token_entry te1_0 set timestamp=? where te1_0.processor_name=? and te1_0.segment=? and te1_0.owner=?
Hibernate: update token_entry te1_0 set timestamp=? where te1_0.processor_name=? and te1_0.segment=? and te1_0.owner=?
Hibernate: update token_entry te1_0 set timestamp=? where te1_0.processor_name=? and te1_0.segment=? and te1_0.owner=?
Hibernate: update token_entry te1_0 set timestamp=? where te1_0.processor_name=? and te1_0.segment=? and te1_0.owner=?
Hibernate: update token_entry te1_0 set timestamp=? where te1_0.processor_name=? and te1_0.segment=? and te1_0.owner=?
Hibernate: update token_entry te1_0 set timestamp=? where te1_0.processor_name=? and te1_0.segment=? and te1_0.owner=?
Hibernate: update token_entry te1_0 set timestamp=? where te1_0.processor_name=? and te1_0.segment=? and te1_0.owner=?
Hibernate: update token_entry te1_0 set timestamp=? where te1_0.processor_name=? and te1_0.segment=? and te1_0.owner=?
Hibernate: update token_entry te1_0 set timestamp=? where te1_0.processor_name=? and te1_0.segment=? and te1_0.owner=?
Hibernate: update token_entry te1_0 set timestamp=? where te1_0.processor_name=? and te1_0.segment=? and te1_0.owner=?
Hibernate: update token_entry te1_0 set timestamp=? where te1_0.processor_name=? and te1_0.segment=? and te1_0.owner=?
Hibernate: update token_entry te1_0 set timestamp=? where te1_0.processor_name=? and te1_0.segment=? and te1_0.owner=?
Hibernate: update token_entry te1_0 set timestamp=? where te1_0.processor_name=? and te1_0.segment=? and te1_0.owner=?
Hibernate: update token_entry te1_0 set timestamp=? where te1_0.processor_name=? and te1_0.segment=? and te1_0.owner=?
Hibernate: update token_entry te1_0 set timestamp=? where te1_0.processor_name=? and te1_0.segment=? and te1_0.owner=?
Hibernate: update token_entry te1_0 set timestamp=? where te1_0.processor_name=? and te1_0.segment=? and te1_0.owner=?
Hibernate: update token_entry te1_0 set timestamp=? where te1_0.processor_name=? and te1_0.segment=? and te1_0.owner=?
Hibernate: update token_entry te1_0 set timestamp=? where te1_0.processor_name=? and te1_0.segment=? and te1_0.owner=?
Hibernate: update token_entry te1_0 set timestamp=? where te1_0.processor_name=? and te1_0.segment=? and te1_0.owner=?
Hibernate: update token_entry te1_0 set timestamp=? where te1_0.processor_name=? and te1_0.segment=? and te1_0.owner=?
Hibernate: update token_entry te1_0 set timestamp=? where te1_0.processor_name=? and te1_0.segment=? and te1_0.owner=?
Hibernate: update token_entry te1_0 set timestamp=? where te1_0.processor_name=? and te1_0.segment=? and te1_0.owner=?
Hibernate: update token_entry te1_0 set timestamp=? where te1_0.processor_name=? and te1_0.segment=? and te1_0.owner=?
Hibernate: update token_entry te1_0 set timestamp=? where te1_0.processor_name=? and te1_0.segment=? and te1_0.owner=?
Hibernate: update token_entry te1_0 set timestamp=? where te1_0.processor_name=? and te1_0.segment=? and te1_0.owner=?
Hibernate: update token_entry te1_0 set timestamp=? where te1_0.processor_name=? and te1_0.segment=? and te1_0.owner=?
Hibernate: update token_entry te1_0 set timestamp=? where te1_0.processor_name=? and te1_0.segment=? and te1_0.owner=?
Hibernate: update token_entry te1_0 set timestamp=? where te1_0.processor_name=? and te1_0.segment=? and te1_0.owner=?
Hibernate: update token_entry te1_0 set timestamp=? where te1_0.processor_name=? and te1_0.segment=? and te1_0.owner=?
Hibernate: update token_entry te1_0 set timestamp=? where te1_0.processor_name=? and te1_0.segment=? and te1_0.owner=?
Hibernate: update token_entry te1_0 set timestamp=? where te1_0.processor_name=? and te1_0.segment=? and te1_0.owner=?
Hibernate: update token_entry te1_0 set timestamp=? where te1_0.processor_name=? and te1_0.segment=? and te1_0.owner=?
Hibernate: update token_entry te1_0 set timestamp=? where te1_0.processor_name=? and te1_0.segment=? and te1_0.owner=?
Hibernate: update token_entry te1_0 set timestamp=? where te1_0.processor_name=? and te1_0.segment=? and te1_0.owner=?
Hibernate: update token_entry te1_0 set timestamp=? where te1_0.processor_name=? and te1_0.segment=? and te1_0.owner=?
Hibernate: update token_entry te1_0 set timestamp=? where te1_0.processor_name=? and te1_0.segment=? and te1_0.owner=?
Hibernate: update token_entry te1_0 set timestamp=? where te1_0.processor_name=? and te1_0.segment=? and te1_0.owner=?
2025-12-29T10:18:12.587+01:00  INFO 19344 --- [inventory-service] [rap-executor-%d] c.n.d.s.r.aws.ConfigClusterResolver      : Resolving eureka endpoints via configuration
Hibernate: update token_entry te1_0 set timestamp=? where te1_0.processor_name=? and te1_0.segment=? and te1_0.owner=?
Hibernate: update token_entry te1_0 set timestamp=? where te1_0.processor_name=? and te1_0.segment=? and te1_0.owner=?
Hibernate: update token_entry te1_0 set timestamp=? where te1_0.processor_name=? and te1_0.segment=? and te1_0.owner=?
Hibernate: update token_entry te1_0 set timestamp=? where te1_0.processor_name=? and te1_0.segment=? and te1_0.owner=?
Hibernate: update token_entry te1_0 set timestamp=? where te1_0.processor_name=? and te1_0.segment=? and te1_0.owner=?
Hibernate: update token_entry te1_0 set timestamp=? where te1_0.processor_name=? and te1_0.segment=? and te1_0.owner=?
Hibernate: update token_entry te1_0 set timestamp=? where te1_0.processor_name=? and te1_0.segment=? and te1_0.owner=?
Hibernate: update token_entry te1_0 set timestamp=? where te1_0.processor_name=? and te1_0.segment=? and te1_0.owner=?
Hibernate: update token_entry te1_0 set timestamp=? where te1_0.processor_name=? and te1_0.segment=? and te1_0.owner=?
Hibernate: update token_entry te1_0 set timestamp=? where te1_0.processor_name=? and te1_0.segment=? and te1_0.owner=?
Hibernate: update token_entry te1_0 set timestamp=? where te1_0.processor_name=? and te1_0.segment=? and te1_0.owner=?
Hibernate: update token_entry te1_0 set timestamp=? where te1_0.processor_name=? and te1_0.segment=? and te1_0.owner=?
Hibernate: update token_entry te1_0 set timestamp=? where te1_0.processor_name=? and te1_0.segment=? and te1_0.owner=?
Hibernate: update token_entry te1_0 set timestamp=? where te1_0.processor_name=? and te1_0.segment=? and te1_0.owner=?
Hibernate: update token_entry te1_0 set timestamp=? where te1_0.processor_name=? and te1_0.segment=? and te1_0.owner=?
Hibernate: update token_entry te1_0 set timestamp=? where te1_0.processor_name=? and te1_0.segment=? and te1_0.owner=?
Hibernate: update token_entry te1_0 set timestamp=? where te1_0.processor_name=? and te1_0.segment=? and te1_0.owner=?
Hibernate: update token_entry te1_0 set timestamp=? where te1_0.processor_name=? and te1_0.segment=? and te1_0.owner=?
Hibernate: update token_entry te1_0 set timestamp=? where te1_0.processor_name=? and te1_0.segment=? and te1_0.owner=?
Hibernate: update token_entry te1_0 set timestamp=? where te1_0.processor_name=? and te1_0.segment=? and te1_0.owner=?
Hibernate: update token_entry te1_0 set timestamp=? where te1_0.processor_name=? and te1_0.segment=? and te1_0.owner=?
Hibernate: update token_entry te1_0 set timestamp=? where te1_0.processor_name=? and te1_0.segment=? and te1_0.owner=?
Hibernate: update token_entry te1_0 set timestamp=? where te1_0.processor_name=? and te1_0.segment=? and te1_0.owner=?
Hibernate: update token_entry te1_0 set timestamp=? where te1_0.processor_name=? and te1_0.segment=? and te1_0.owner=?
Hibernate: update token_entry te1_0 set timestamp=? where te1_0.processor_name=? and te1_0.segment=? and te1_0.owner=?
Hibernate: update token_entry te1_0 set timestamp=? where te1_0.processor_name=? and te1_0.segment=? and te1_0.owner=?
Hibernate: update token_entry te1_0 set timestamp=? where te1_0.processor_name=? and te1_0.segment=? and te1_0.owner=?
Hibernate: update token_entry te1_0 set timestamp=? where te1_0.processor_name=? and te1_0.segment=? and te1_0.owner=?
Hibernate: update token_entry te1_0 set timestamp=? where te1_0.processor_name=? and te1_0.segment=? and te1_0.owner=?
Hibernate: update token_entry te1_0 set timestamp=? where te1_0.processor_name=? and te1_0.segment=? and te1_0.owner=?
Hibernate: update token_entry te1_0 set timestamp=? where te1_0.processor_name=? and te1_0.segment=? and te1_0.owner=?
Hibernate: update token_entry te1_0 set timestamp=? where te1_0.processor_name=? and te1_0.segment=? and te1_0.owner=?
Hibernate: update token_entry te1_0 set timestamp=? where te1_0.processor_name=? and te1_0.segment=? and te1_0.owner=?
Hibernate: update token_entry te1_0 set timestamp=? where te1_0.processor_name=? and te1_0.segment=? and te1_0.owner=?
Hibernate: update token_entry te1_0 set timestamp=? where te1_0.processor_name=? and te1_0.segment=? and te1_0.owner=?
Hibernate: update token_entry te1_0 set timestamp=? where te1_0.processor_name=? and te1_0.segment=? and te1_0.owner=?
Hibernate: update token_entry te1_0 set timestamp=? where te1_0.processor_name=? and te1_0.segment=? and te1_0.owner=?
Hibernate: update token_entry te1_0 set timestamp=? where te1_0.processor_name=? and te1_0.segment=? and te1_0.owner=?
Hibernate: update token_entry te1_0 set timestamp=? where te1_0.processor_name=? and te1_0.segment=? and te1_0.owner=?
Hibernate: update token_entry te1_0 set timestamp=? where te1_0.processor_name=? and te1_0.segment=? and te1_0.owner=?
Hibernate: update token_entry te1_0 set timestamp=? where te1_0.processor_name=? and te1_0.segment=? and te1_0.owner=?
Hibernate: update token_entry te1_0 set timestamp=? where te1_0.processor_name=? and te1_0.segment=? and te1_0.owner=?
Hibernate: update token_entry te1_0 set timestamp=? where te1_0.processor_name=? and te1_0.segment=? and te1_0.owner=?
Hibernate: update token_entry te1_0 set timestamp=? where te1_0.processor_name=? and te1_0.segment=? and te1_0.owner=?
Hibernate: update token_entry te1_0 set timestamp=? where te1_0.processor_name=? and te1_0.segment=? and te1_0.owner=?
Hibernate: update token_entry te1_0 set timestamp=? where te1_0.processor_name=? and te1_0.segment=? and te1_0.owner=?
Hibernate: update token_entry te1_0 set timestamp=? where te1_0.processor_name=? and te1_0.segment=? and te1_0.owner=?
Hibernate: update token_entry te1_0 set timestamp=? where te1_0.processor_name=? and te1_0.segment=? and te1_0.owner=?
Hibernate: update token_entry te1_0 set timestamp=? where te1_0.processor_name=? and te1_0.segment=? and te1_0.owner=?
Hibernate: update token_entry te1_0 set timestamp=? where te1_0.processor_name=? and te1_0.segment=? and te1_0.owner=?
Hibernate: update token_entry te1_0 set timestamp=? where te1_0.processor_name=? and te1_0.segment=? and te1_0.owner=?
Hibernate: update token_entry te1_0 set timestamp=? where te1_0.processor_name=? and te1_0.segment=? and te1_0.owner=?
Hibernate: update token_entry te1_0 set timestamp=? where te1_0.processor_name=? and te1_0.segment=? and te1_0.owner=?
Hibernate: update token_entry te1_0 set timestamp=? where te1_0.processor_name=? and te1_0.segment=? and te1_0.owner=?
Hibernate: update token_entry te1_0 set timestamp=? where te1_0.processor_name=? and te1_0.segment=? and te1_0.owner=?
Hibernate: update token_entry te1_0 set timestamp=? where te1_0.processor_name=? and te1_0.segment=? and te1_0.owner=?
Hibernate: update token_entry te1_0 set timestamp=? where te1_0.processor_name=? and te1_0.segment=? and te1_0.owner=?
Hibernate: update token_entry te1_0 set timestamp=? where te1_0.processor_name=? and te1_0.segment=? and te1_0.owner=?
Hibernate: update token_entry te1_0 set timestamp=? where te1_0.processor_name=? and te1_0.segment=? and te1_0.owner=?
Hibernate: update token_entry te1_0 set timestamp=? where te1_0.processor_name=? and te1_0.segment=? and te1_0.owner=?
Hibernate: update token_entry te1_0 set timestamp=? where te1_0.processor_name=? and te1_0.segment=? and te1_0.owner=?
Hibernate: update token_entry te1_0 set timestamp=? where te1_0.processor_name=? and te1_0.segment=? and te1_0.owner=?
Hibernate: update token_entry te1_0 set timestamp=? where te1_0.processor_name=? and te1_0.segment=? and te1_0.owner=?
Hibernate: update token_entry te1_0 set timestamp=? where te1_0.processor_name=? and te1_0.segment=? and te1_0.owner=?
Hibernate: update token_entry te1_0 set timestamp=? where te1_0.processor_name=? and te1_0.segment=? and te1_0.owner=?
Hibernate: update token_entry te1_0 set timestamp=? where te1_0.processor_name=? and te1_0.segment=? and te1_0.owner=?
Hibernate: update token_entry te1_0 set timestamp=? where te1_0.processor_name=? and te1_0.segment=? and te1_0.owner=?
Hibernate: update token_entry te1_0 set timestamp=? where te1_0.processor_name=? and te1_0.segment=? and te1_0.owner=?
Hibernate: update token_entry te1_0 set timestamp=? where te1_0.processor_name=? and te1_0.segment=? and te1_0.owner=?
Hibernate: update token_entry te1_0 set timestamp=? where te1_0.processor_name=? and te1_0.segment=? and te1_0.owner=?
Hibernate: update token_entry te1_0 set timestamp=? where te1_0.processor_name=? and te1_0.segment=? and te1_0.owner=?
Hibernate: update token_entry te1_0 set timestamp=? where te1_0.processor_name=? and te1_0.segment=? and te1_0.owner=?
Hibernate: update token_entry te1_0 set timestamp=? where te1_0.processor_name=? and te1_0.segment=? and te1_0.owner=?
Hibernate: update token_entry te1_0 set timestamp=? where te1_0.processor_name=? and te1_0.segment=? and te1_0.owner=?
Hibernate: update token_entry te1_0 set timestamp=? where te1_0.processor_name=? and te1_0.segment=? and te1_0.owner=?
Hibernate: update token_entry te1_0 set timestamp=? where te1_0.processor_name=? and te1_0.segment=? and te1_0.owner=?
Hibernate: update token_entry te1_0 set timestamp=? where te1_0.processor_name=? and te1_0.segment=? and te1_0.owner=?
Hibernate: update token_entry te1_0 set timestamp=? where te1_0.processor_name=? and te1_0.segment=? and te1_0.owner=?
Hibernate: update token_entry te1_0 set timestamp=? where te1_0.processor_name=? and te1_0.segment=? and te1_0.owner=?
Hibernate: update token_entry te1_0 set timestamp=? where te1_0.processor_name=? and te1_0.segment=? and te1_0.owner=?
Hibernate: update token_entry te1_0 set timestamp=? where te1_0.processor_name=? and te1_0.segment=? and te1_0.owner=?
Hibernate: update token_entry te1_0 set timestamp=? where te1_0.processor_name=? and te1_0.segment=? and te1_0.owner=?
Hibernate: update token_entry te1_0 set timestamp=? where te1_0.processor_name=? and te1_0.segment=? and te1_0.owner=?
Hibernate: update token_entry te1_0 set timestamp=? where te1_0.processor_name=? and te1_0.segment=? and te1_0.owner=?
Hibernate: update token_entry te1_0 set timestamp=? where te1_0.processor_name=? and te1_0.segment=? and te1_0.owner=?
Hibernate: update token_entry te1_0 set timestamp=? where te1_0.processor_name=? and te1_0.segment=? and te1_0.owner=?
Hibernate: update token_entry te1_0 set timestamp=? where te1_0.processor_name=? and te1_0.segment=? and te1_0.owner=?
Hibernate: update token_entry te1_0 set timestamp=? where te1_0.processor_name=? and te1_0.segment=? and te1_0.owner=?
Hibernate: update token_entry te1_0 set timestamp=? where te1_0.processor_name=? and te1_0.segment=? and te1_0.owner=?
Hibernate: update token_entry te1_0 set timestamp=? where te1_0.processor_name=? and te1_0.segment=? and te1_0.owner=?
Hibernate: update token_entry te1_0 set timestamp=? where te1_0.processor_name=? and te1_0.segment=? and te1_0.owner=?
Hibernate: update token_entry te1_0 set timestamp=? where te1_0.processor_name=? and te1_0.segment=? and te1_0.owner=?
Hibernate: update token_entry te1_0 set timestamp=? where te1_0.processor_name=? and te1_0.segment=? and te1_0.owner=?
Hibernate: update token_entry te1_0 set timestamp=? where te1_0.processor_name=? and te1_0.segment=? and te1_0.owner=?
Hibernate: update token_entry te1_0 set timestamp=? where te1_0.processor_name=? and te1_0.segment=? and te1_0.owner=?
Hibernate: update token_entry te1_0 set timestamp=? where te1_0.processor_name=? and te1_0.segment=? and te1_0.owner=?
Hibernate: update token_entry te1_0 set timestamp=? where te1_0.processor_name=? and te1_0.segment=? and te1_0.owner=?
Hibernate: update token_entry te1_0 set timestamp=? where te1_0.processor_name=? and te1_0.segment=? and te1_0.owner=?
Hibernate: update token_entry te1_0 set timestamp=? where te1_0.processor_name=? and te1_0.segment=? and te1_0.owner=?
Hibernate: update token_entry te1_0 set timestamp=? where te1_0.processor_name=? and te1_0.segment=? and te1_0.owner=?
Hibernate: update token_entry te1_0 set timestamp=? where te1_0.processor_name=? and te1_0.segment=? and te1_0.owner=?
Hibernate: update token_entry te1_0 set timestamp=? where te1_0.processor_name=? and te1_0.segment=? and te1_0.owner=?
Hibernate: update token_entry te1_0 set timestamp=? where te1_0.processor_name=? and te1_0.segment=? and te1_0.owner=?
Hibernate: update token_entry te1_0 set timestamp=? where te1_0.processor_name=? and te1_0.segment=? and te1_0.owner=?
Hibernate: update token_entry te1_0 set timestamp=? where te1_0.processor_name=? and te1_0.segment=? and te1_0.owner=?
Hibernate: update token_entry te1_0 set timestamp=? where te1_0.processor_name=? and te1_0.segment=? and te1_0.owner=?
Hibernate: update token_entry te1_0 set timestamp=? where te1_0.processor_name=? and te1_0.segment=? and te1_0.owner=?
Hibernate: update token_entry te1_0 set timestamp=? where te1_0.processor_name=? and te1_0.segment=? and te1_0.owner=?
Hibernate: update token_entry te1_0 set timestamp=? where te1_0.processor_name=? and te1_0.segment=? and te1_0.owner=?
Hibernate: update token_entry te1_0 set timestamp=? where te1_0.processor_name=? and te1_0.segment=? and te1_0.owner=?
Hibernate: update token_entry te1_0 set timestamp=? where te1_0.processor_name=? and te1_0.segment=? and te1_0.owner=?
Hibernate: update token_entry te1_0 set timestamp=? where te1_0.processor_name=? and te1_0.segment=? and te1_0.owner=?
Hibernate: update token_entry te1_0 set timestamp=? where te1_0.processor_name=? and te1_0.segment=? and te1_0.owner=?
Hibernate: update token_entry te1_0 set timestamp=? where te1_0.processor_name=? and te1_0.segment=? and te1_0.owner=?
Hibernate: update token_entry te1_0 set timestamp=? where te1_0.processor_name=? and te1_0.segment=? and te1_0.owner=?
Hibernate: update token_entry te1_0 set timestamp=? where te1_0.processor_name=? and te1_0.segment=? and te1_0.owner=?
Hibernate: update token_entry te1_0 set timestamp=? where te1_0.processor_name=? and te1_0.segment=? and te1_0.owner=?
Hibernate: update token_entry te1_0 set timestamp=? where te1_0.processor_name=? and te1_0.segment=? and te1_0.owner=?
Hibernate: update token_entry te1_0 set timestamp=? where te1_0.processor_name=? and te1_0.segment=? and te1_0.owner=?
Hibernate: update token_entry te1_0 set timestamp=? where te1_0.processor_name=? and te1_0.segment=? and te1_0.owner=?
Hibernate: update token_entry te1_0 set timestamp=? where te1_0.processor_name=? and te1_0.segment=? and te1_0.owner=?
Hibernate: update token_entry te1_0 set timestamp=? where te1_0.processor_name=? and te1_0.segment=? and te1_0.owner=?
Hibernate: update token_entry te1_0 set timestamp=? where te1_0.processor_name=? and te1_0.segment=? and te1_0.owner=?
Hibernate: update token_entry te1_0 set timestamp=? where te1_0.processor_name=? and te1_0.segment=? and te1_0.owner=?
Hibernate: update token_entry te1_0 set timestamp=? where te1_0.processor_name=? and te1_0.segment=? and te1_0.owner=?
Hibernate: update token_entry te1_0 set timestamp=? where te1_0.processor_name=? and te1_0.segment=? and te1_0.owner=?
Hibernate: update token_entry te1_0 set timestamp=? where te1_0.processor_name=? and te1_0.segment=? and te1_0.owner=?
Hibernate: update token_entry te1_0 set timestamp=? where te1_0.processor_name=? and te1_0.segment=? and te1_0.owner=?
Hibernate: update token_entry te1_0 set timestamp=? where te1_0.processor_name=? and te1_0.segment=? and te1_0.owner=?
Hibernate: update token_entry te1_0 set timestamp=? where te1_0.processor_name=? and te1_0.segment=? and te1_0.owner=?
Hibernate: update token_entry te1_0 set timestamp=? where te1_0.processor_name=? and te1_0.segment=? and te1_0.owner=?
Hibernate: update token_entry te1_0 set timestamp=? where te1_0.processor_name=? and te1_0.segment=? and te1_0.owner=?
Hibernate: update token_entry te1_0 set timestamp=? where te1_0.processor_name=? and te1_0.segment=? and te1_0.owner=?
Hibernate: update token_entry te1_0 set timestamp=? where te1_0.processor_name=? and te1_0.segment=? and te1_0.owner=?
Hibernate: update token_entry te1_0 set timestamp=? where te1_0.processor_name=? and te1_0.segment=? and te1_0.owner=?
Hibernate: update token_entry te1_0 set timestamp=? where te1_0.processor_name=? and te1_0.segment=? and te1_0.owner=?
Hibernate: update token_entry te1_0 set timestamp=? where te1_0.processor_name=? and te1_0.segment=? and te1_0.owner=?
Hibernate: update token_entry te1_0 set timestamp=? where te1_0.processor_name=? and te1_0.segment=? and te1_0.owner=?
Hibernate: update token_entry te1_0 set timestamp=? where te1_0.processor_name=? and te1_0.segment=? and te1_0.owner=?
Hibernate: update token_entry te1_0 set timestamp=? where te1_0.processor_name=? and te1_0.segment=? and te1_0.owner=?
Hibernate: update token_entry te1_0 set timestamp=? where te1_0.processor_name=? and te1_0.segment=? and te1_0.owner=?
Hibernate: update token_entry te1_0 set timestamp=? where te1_0.processor_name=? and te1_0.segment=? and te1_0.owner=?
Hibernate: update token_entry te1_0 set timestamp=? where te1_0.processor_name=? and te1_0.segment=? and te1_0.owner=?
Hibernate: update token_entry te1_0 set timestamp=? where te1_0.processor_name=? and te1_0.segment=? and te1_0.owner=?
Hibernate: update token_entry te1_0 set timestamp=? where te1_0.processor_name=? and te1_0.segment=? and te1_0.owner=?
Hibernate: update token_entry te1_0 set timestamp=? where te1_0.processor_name=? and te1_0.segment=? and te1_0.owner=?
Hibernate: update token_entry te1_0 set timestamp=? where te1_0.processor_name=? and te1_0.segment=? and te1_0.owner=?
Hibernate: update token_entry te1_0 set timestamp=? where te1_0.processor_name=? and te1_0.segment=? and te1_0.owner=?
Hibernate: update token_entry te1_0 set timestamp=? where te1_0.processor_name=? and te1_0.segment=? and te1_0.owner=?
Hibernate: update token_entry te1_0 set timestamp=? where te1_0.processor_name=? and te1_0.segment=? and te1_0.owner=?
Hibernate: update token_entry te1_0 set timestamp=? where te1_0.processor_name=? and te1_0.segment=? and te1_0.owner=?
Hibernate: update token_entry te1_0 set timestamp=? where te1_0.processor_name=? and te1_0.segment=? and te1_0.owner=?
Hibernate: update token_entry te1_0 set timestamp=? where te1_0.processor_name=? and te1_0.segment=? and te1_0.owner=?
Hibernate: update token_entry te1_0 set timestamp=? where te1_0.processor_name=? and te1_0.segment=? and te1_0.owner=?
Hibernate: update token_entry te1_0 set timestamp=? where te1_0.processor_name=? and te1_0.segment=? and te1_0.owner=?
Hibernate: update token_entry te1_0 set timestamp=? where te1_0.processor_name=? and te1_0.segment=? and te1_0.owner=?
Hibernate: update token_entry te1_0 set timestamp=? where te1_0.processor_name=? and te1_0.segment=? and te1_0.owner=?
Hibernate: update token_entry te1_0 set timestamp=? where te1_0.processor_name=? and te1_0.segment=? and te1_0.owner=?
Hibernate: update token_entry te1_0 set timestamp=? where te1_0.processor_name=? and te1_0.segment=? and te1_0.owner=?
Hibernate: update token_entry te1_0 set timestamp=? where te1_0.processor_name=? and te1_0.segment=? and te1_0.owner=?
Hibernate: update token_entry te1_0 set timestamp=? where te1_0.processor_name=? and te1_0.segment=? and te1_0.owner=?
Hibernate: update token_entry te1_0 set timestamp=? where te1_0.processor_name=? and te1_0.segment=? and te1_0.owner=?
Hibernate: update token_entry te1_0 set timestamp=? where te1_0.processor_name=? and te1_0.segment=? and te1_0.owner=?
Hibernate: update token_entry te1_0 set timestamp=? where te1_0.processor_name=? and te1_0.segment=? and te1_0.owner=?
Hibernate: update token_entry te1_0 set timestamp=? where te1_0.processor_name=? and te1_0.segment=? and te1_0.owner=?
Hibernate: update token_entry te1_0 set timestamp=? where te1_0.processor_name=? and te1_0.segment=? and te1_0.owner=?
Hibernate: update token_entry te1_0 set timestamp=? where te1_0.processor_name=? and te1_0.segment=? and te1_0.owner=?
Hibernate: update token_entry te1_0 set timestamp=? where te1_0.processor_name=? and te1_0.segment=? and te1_0.owner=?
Hibernate: update token_entry te1_0 set timestamp=? where te1_0.processor_name=? and te1_0.segment=? and te1_0.owner=?
Hibernate: update token_entry te1_0 set timestamp=? where te1_0.processor_name=? and te1_0.segment=? and te1_0.owner=?
Hibernate: update token_entry te1_0 set timestamp=? where te1_0.processor_name=? and te1_0.segment=? and te1_0.owner=?
Hibernate: update token_entry te1_0 set timestamp=? where te1_0.processor_name=? and te1_0.segment=? and te1_0.owner=?
Hibernate: update token_entry te1_0 set timestamp=? where te1_0.processor_name=? and te1_0.segment=? and te1_0.owner=?
Hibernate: update token_entry te1_0 set timestamp=? where te1_0.processor_name=? and te1_0.segment=? and te1_0.owner=?
Hibernate: update token_entry te1_0 set timestamp=? where te1_0.processor_name=? and te1_0.segment=? and te1_0.owner=?
Hibernate: update token_entry te1_0 set timestamp=? where te1_0.processor_name=? and te1_0.segment=? and te1_0.owner=?
