
  .   ____          _            __ _ _
 /\\ / ___'_ __ _ _(_)_ __  __ _ \ \ \ \
( ( )\___ | '_ | '_| | '_ \/ _` | \ \ \ \
 \\/  ___)| |_)| | | | | || (_| |  ) ) ) )
  '  |____| .__|_| |_|_| |_\__, | / / / /
 =========|_|==============|___/=/_/_/_/

 :: Spring Boot ::                (v3.3.6)

2025-12-29T10:12:28.411+01:00  INFO 18096 --- [order-service] [           main] c.o.o.OrderServiceApplication            : Starting OrderServiceApplication v0.0.1-SNAPSHOT using Java 21.0.4 with PID 18096 (C:\Users\Mreckah\Downloads\event-sourcing\order-service\target\order-service-0.0.1-SNAPSHOT.jar started by Mreckah in C:\Users\Mreckah\Downloads\event-sourcing)
2025-12-29T10:12:28.422+01:00  INFO 18096 --- [order-service] [           main] c.o.o.OrderServiceApplication            : No active profile set, falling back to 1 default profile: "default"
2025-12-29T10:12:29.067+01:00  WARN 18096 --- [order-service] [           main] o.s.c.annotation.AnnotationTypeMapping   : Support for convention-based annotation attribute overrides is deprecated and will be removed in Spring Framework 6.2. Please annotate the following attributes in @org.axonframework.spring.stereotype.Aggregate with appropriate @AliasFor declarations: [type]
2025-12-29T10:12:29.096+01:00  WARN 18096 --- [order-service] [           main] o.s.c.annotation.AnnotationTypeMapping   : Support for convention-based annotation attribute overrides is deprecated and will be removed in Spring Framework 6.2. Please annotate the following attributes in @org.axonframework.commandhandling.CommandHandler with appropriate @AliasFor declarations: [payloadType]
2025-12-29T10:12:29.113+01:00  WARN 18096 --- [order-service] [           main] o.s.c.annotation.AnnotationTypeMapping   : Support for convention-based annotation attribute overrides is deprecated and will be removed in Spring Framework 6.2. Please annotate the following attributes in @org.axonframework.eventsourcing.EventSourcingHandler with appropriate @AliasFor declarations: [payloadType]
2025-12-29T10:12:29.115+01:00  WARN 18096 --- [order-service] [           main] o.s.c.annotation.AnnotationTypeMapping   : Support for convention-based annotation attribute overrides is deprecated and will be removed in Spring Framework 6.2. Please annotate the following attributes in @org.axonframework.eventsourcing.EventSourcingHandler with appropriate @AliasFor declarations: [payloadType]
2025-12-29T10:12:29.371+01:00  WARN 18096 --- [order-service] [           main] o.s.c.annotation.AnnotationTypeMapping   : Support for convention-based annotation attribute overrides is deprecated and will be removed in Spring Framework 6.2. Please annotate the following attributes in @org.axonframework.eventhandling.EventHandler with appropriate @AliasFor declarations: [payloadType]
2025-12-29T10:12:29.389+01:00  WARN 18096 --- [order-service] [           main] o.s.c.annotation.AnnotationTypeMapping   : Support for convention-based annotation attribute overrides is deprecated and will be removed in Spring Framework 6.2. Please annotate the following attributes in @org.axonframework.modelling.saga.SagaEventHandler with appropriate @AliasFor declarations: [payloadType]
2025-12-29T10:12:29.391+01:00  WARN 18096 --- [order-service] [           main] o.s.c.annotation.AnnotationTypeMapping   : Support for convention-based annotation attribute overrides is deprecated and will be removed in Spring Framework 6.2. Please annotate the following attributes in @org.axonframework.modelling.saga.SagaEventHandler with appropriate @AliasFor declarations: [payloadType]
2025-12-29T10:12:35.239+01:00  INFO 18096 --- [order-service] [           main] .s.d.r.c.RepositoryConfigurationDelegate : Bootstrapping Spring Data JPA repositories in DEFAULT mode.
2025-12-29T10:12:36.112+01:00  INFO 18096 --- [order-service] [           main] .s.d.r.c.RepositoryConfigurationDelegate : Finished Spring Data repository scanning in 841 ms. Found 1 JPA repository interface.
2025-12-29T10:12:37.092+01:00  INFO 18096 --- [order-service] [           main] o.s.cloud.context.scope.GenericScope     : BeanFactory id=894ae791-e3ac-3223-a38e-0a3894e8bd2d
2025-12-29T10:12:40.744+01:00  WARN 18096 --- [order-service] [           main] trationDelegate$BeanPostProcessorChecker : Bean 'org.springframework.cloud.client.loadbalancer.LoadBalancerAutoConfiguration$DeferringLoadBalancerInterceptorConfig' of type [org.springframework.cloud.client.loadbalancer.LoadBalancerAutoConfiguration$DeferringLoadBalancerInterceptorConfig] is not eligible for getting processed by all BeanPostProcessors (for example: not eligible for auto-proxying). The currently created BeanPostProcessor [lbRestClientPostProcessor] is declared through a non-static factory method on that class; consider declaring it as static instead.
2025-12-29T10:12:40.755+01:00  WARN 18096 --- [order-service] [           main] trationDelegate$BeanPostProcessorChecker : Bean 'deferringLoadBalancerInterceptor' of type [org.springframework.cloud.client.loadbalancer.DeferringLoadBalancerInterceptor] is not eligible for getting processed by all BeanPostProcessors (for example: not eligible for auto-proxying). Is this bean getting eagerly injected/applied to a currently created BeanPostProcessor [lbRestClientPostProcessor]? Check the corresponding BeanPostProcessor declaration and its dependencies/advisors. If this bean does not have to be post-processed, declare it with ROLE_INFRASTRUCTURE.
2025-12-29T10:12:42.145+01:00  INFO 18096 --- [order-service] [           main] o.s.b.w.embedded.tomcat.TomcatWebServer  : Tomcat initialized with port 8081 (http)
2025-12-29T10:12:42.232+01:00  INFO 18096 --- [order-service] [           main] o.apache.catalina.core.StandardService   : Starting service [Tomcat]
2025-12-29T10:12:42.234+01:00  INFO 18096 --- [order-service] [           main] o.apache.catalina.core.StandardEngine    : Starting Servlet engine: [Apache Tomcat/10.1.33]
2025-12-29T10:12:42.550+01:00  INFO 18096 --- [order-service] [           main] o.a.c.c.C.[Tomcat].[localhost].[/]       : Initializing Spring embedded WebApplicationContext
2025-12-29T10:12:42.558+01:00  INFO 18096 --- [order-service] [           main] w.s.c.ServletWebServerApplicationContext : Root WebApplicationContext: initialization completed in 13857 ms
2025-12-29T10:12:43.853+01:00  INFO 18096 --- [order-service] [           main] o.hibernate.jpa.internal.util.LogHelper  : HHH000204: Processing PersistenceUnitInfo [name: default]
2025-12-29T10:12:46.328+01:00  INFO 18096 --- [order-service] [           main] org.hibernate.Version                    : HHH000412: Hibernate ORM core version 6.5.3.Final
2025-12-29T10:12:46.540+01:00  INFO 18096 --- [order-service] [           main] o.h.c.internal.RegionFactoryInitiator    : HHH000026: Second-level cache disabled
2025-12-29T10:12:48.913+01:00  INFO 18096 --- [order-service] [           main] o.s.o.j.p.SpringPersistenceUnitInfo      : No LoadTimeWeaver setup: ignoring JPA class transformer
2025-12-29T10:12:49.490+01:00  INFO 18096 --- [order-service] [           main] com.zaxxer.hikari.HikariDataSource       : HikariPool-1 - Starting...
2025-12-29T10:12:51.171+01:00  INFO 18096 --- [order-service] [           main] com.zaxxer.hikari.pool.HikariPool        : HikariPool-1 - Added connection com.mysql.cj.jdbc.ConnectionImpl@50ef2906
2025-12-29T10:12:51.190+01:00  INFO 18096 --- [order-service] [           main] com.zaxxer.hikari.HikariDataSource       : HikariPool-1 - Start completed.
2025-12-29T10:12:51.635+01:00  WARN 18096 --- [order-service] [           main] org.hibernate.orm.deprecation            : HHH90000025: MySQLDialect does not need to be specified explicitly using 'hibernate.dialect' (remove the property setting and it will be selected by default)
2025-12-29T10:13:01.753+01:00  INFO 18096 --- [order-service] [           main] o.h.e.t.j.p.i.JtaPlatformInitiator       : HHH000489: No JTA platform available (set 'hibernate.transaction.jta.platform' to enable JTA platform integration)
Hibernate: alter table dead_letter_entry modify column diagnostics blob
Hibernate: alter table dead_letter_entry modify column meta_data blob
Hibernate: alter table dead_letter_entry modify column payload blob not null
Hibernate: alter table dead_letter_entry modify column token blob
Hibernate: create table order (id varchar(255) not null, status enum ('ACTIVATED','CANCELED','CREATED','DELIVRED','SHIPED'), primary key (id)) engine=InnoDB
2025-12-29T10:13:10.007+01:00  WARN 18096 --- [order-service] [           main] o.h.t.s.i.ExceptionHandlerLoggedImpl     : GenerationTarget encountered exception accepting command : Error executing DDL "create table order (id varchar(255) not null, status enum ('ACTIVATED','CANCELED','CREATED','DELIVRED','SHIPED'), primary key (id)) engine=InnoDB" via JDBC [You have an error in your SQL syntax; check the manual that corresponds to your MySQL server version for the right syntax to use near 'order (id varchar(255) not null, status enum ('ACTIVATED','CANCELED','CREATED','' at line 1]

org.hibernate.tool.schema.spi.CommandAcceptanceException: Error executing DDL "create table order (id varchar(255) not null, status enum ('ACTIVATED','CANCELED','CREATED','DELIVRED','SHIPED'), primary key (id)) engine=InnoDB" via JDBC [You have an error in your SQL syntax; check the manual that corresponds to your MySQL server version for the right syntax to use near 'order (id varchar(255) not null, status enum ('ACTIVATED','CANCELED','CREATED','' at line 1]
	at org.hibernate.tool.schema.internal.exec.GenerationTargetToDatabase.accept(GenerationTargetToDatabase.java:94) ~[hibernate-core-6.5.3.Final.jar!/:6.5.3.Final]
	at org.hibernate.tool.schema.internal.AbstractSchemaMigrator.applySqlString(AbstractSchemaMigrator.java:583) ~[hibernate-core-6.5.3.Final.jar!/:6.5.3.Final]
	at org.hibernate.tool.schema.internal.AbstractSchemaMigrator.applySqlStrings(AbstractSchemaMigrator.java:523) ~[hibernate-core-6.5.3.Final.jar!/:6.5.3.Final]
	at org.hibernate.tool.schema.internal.AbstractSchemaMigrator.createTable(AbstractSchemaMigrator.java:323) ~[hibernate-core-6.5.3.Final.jar!/:6.5.3.Final]
	at org.hibernate.tool.schema.internal.GroupedSchemaMigratorImpl.performTablesMigration(GroupedSchemaMigratorImpl.java:80) ~[hibernate-core-6.5.3.Final.jar!/:6.5.3.Final]
	at org.hibernate.tool.schema.internal.AbstractSchemaMigrator.performMigration(AbstractSchemaMigrator.java:240) ~[hibernate-core-6.5.3.Final.jar!/:6.5.3.Final]
	at org.hibernate.tool.schema.internal.AbstractSchemaMigrator.doMigration(AbstractSchemaMigrator.java:119) ~[hibernate-core-6.5.3.Final.jar!/:6.5.3.Final]
	at org.hibernate.tool.schema.spi.SchemaManagementToolCoordinator.performDatabaseAction(SchemaManagementToolCoordinator.java:280) ~[hibernate-core-6.5.3.Final.jar!/:6.5.3.Final]
	at org.hibernate.tool.schema.spi.SchemaManagementToolCoordinator.lambda$process$5(SchemaManagementToolCoordinator.java:144) ~[hibernate-core-6.5.3.Final.jar!/:6.5.3.Final]
	at java.base/java.util.HashMap.forEach(HashMap.java:1429) ~[na:na]
	at org.hibernate.tool.schema.spi.SchemaManagementToolCoordinator.process(SchemaManagementToolCoordinator.java:141) ~[hibernate-core-6.5.3.Final.jar!/:6.5.3.Final]
	at org.hibernate.boot.internal.SessionFactoryObserverForSchemaExport.sessionFactoryCreated(SessionFactoryObserverForSchemaExport.java:37) ~[hibernate-core-6.5.3.Final.jar!/:6.5.3.Final]
	at org.hibernate.internal.SessionFactoryObserverChain.sessionFactoryCreated(SessionFactoryObserverChain.java:35) ~[hibernate-core-6.5.3.Final.jar!/:6.5.3.Final]
	at org.hibernate.internal.SessionFactoryImpl.<init>(SessionFactoryImpl.java:322) ~[hibernate-core-6.5.3.Final.jar!/:6.5.3.Final]
	at org.hibernate.boot.internal.SessionFactoryBuilderImpl.build(SessionFactoryBuilderImpl.java:457) ~[hibernate-core-6.5.3.Final.jar!/:6.5.3.Final]
	at org.hibernate.jpa.boot.internal.EntityManagerFactoryBuilderImpl.build(EntityManagerFactoryBuilderImpl.java:1506) ~[hibernate-core-6.5.3.Final.jar!/:6.5.3.Final]
	at org.springframework.orm.jpa.vendor.SpringHibernateJpaPersistenceProvider.createContainerEntityManagerFactory(SpringHibernateJpaPersistenceProvider.java:75) ~[spring-orm-6.1.15.jar!/:6.1.15]
	at org.springframework.orm.jpa.LocalContainerEntityManagerFactoryBean.createNativeEntityManagerFactory(LocalContainerEntityManagerFactoryBean.java:390) ~[spring-orm-6.1.15.jar!/:6.1.15]
	at org.springframework.orm.jpa.AbstractEntityManagerFactoryBean.buildNativeEntityManagerFactory(AbstractEntityManagerFactoryBean.java:409) ~[spring-orm-6.1.15.jar!/:6.1.15]
	at org.springframework.orm.jpa.AbstractEntityManagerFactoryBean.afterPropertiesSet(AbstractEntityManagerFactoryBean.java:396) ~[spring-orm-6.1.15.jar!/:6.1.15]
	at org.springframework.orm.jpa.LocalContainerEntityManagerFactoryBean.afterPropertiesSet(LocalContainerEntityManagerFactoryBean.java:366) ~[spring-orm-6.1.15.jar!/:6.1.15]
	at org.springframework.beans.factory.support.AbstractAutowireCapableBeanFactory.invokeInitMethods(AbstractAutowireCapableBeanFactory.java:1853) ~[spring-beans-6.1.15.jar!/:6.1.15]
	at org.springframework.beans.factory.support.AbstractAutowireCapableBeanFactory.initializeBean(AbstractAutowireCapableBeanFactory.java:1802) ~[spring-beans-6.1.15.jar!/:6.1.15]
	at org.springframework.beans.factory.support.AbstractAutowireCapableBeanFactory.doCreateBean(AbstractAutowireCapableBeanFactory.java:600) ~[spring-beans-6.1.15.jar!/:6.1.15]
	at org.springframework.beans.factory.support.AbstractAutowireCapableBeanFactory.createBean(AbstractAutowireCapableBeanFactory.java:522) ~[spring-beans-6.1.15.jar!/:6.1.15]
	at org.springframework.beans.factory.support.AbstractBeanFactory.lambda$doGetBean$0(AbstractBeanFactory.java:337) ~[spring-beans-6.1.15.jar!/:6.1.15]
	at org.springframework.beans.factory.support.DefaultSingletonBeanRegistry.getSingleton(DefaultSingletonBeanRegistry.java:234) ~[spring-beans-6.1.15.jar!/:6.1.15]
	at org.springframework.beans.factory.support.AbstractBeanFactory.doGetBean(AbstractBeanFactory.java:335) ~[spring-beans-6.1.15.jar!/:6.1.15]
	at org.springframework.beans.factory.support.AbstractBeanFactory.getBean(AbstractBeanFactory.java:205) ~[spring-beans-6.1.15.jar!/:6.1.15]
	at org.springframework.context.support.AbstractApplicationContext.finishBeanFactoryInitialization(AbstractApplicationContext.java:954) ~[spring-context-6.1.15.jar!/:6.1.15]
	at org.springframework.context.support.AbstractApplicationContext.refresh(AbstractApplicationContext.java:625) ~[spring-context-6.1.15.jar!/:6.1.15]
	at org.springframework.boot.web.servlet.context.ServletWebServerApplicationContext.refresh(ServletWebServerApplicationContext.java:146) ~[spring-boot-3.3.6.jar!/:3.3.6]
	at org.springframework.boot.SpringApplication.refresh(SpringApplication.java:754) ~[spring-boot-3.3.6.jar!/:3.3.6]
	at org.springframework.boot.SpringApplication.refreshContext(SpringApplication.java:456) ~[spring-boot-3.3.6.jar!/:3.3.6]
	at org.springframework.boot.SpringApplication.run(SpringApplication.java:335) ~[spring-boot-3.3.6.jar!/:3.3.6]
	at org.springframework.boot.SpringApplication.run(SpringApplication.java:1363) ~[spring-boot-3.3.6.jar!/:3.3.6]
	at org.springframework.boot.SpringApplication.run(SpringApplication.java:1352) ~[spring-boot-3.3.6.jar!/:3.3.6]
	at com.oussama.orderservice.OrderServiceApplication.main(OrderServiceApplication.java:10) ~[!/:0.0.1-SNAPSHOT]
	at java.base/jdk.internal.reflect.DirectMethodHandleAccessor.invoke(DirectMethodHandleAccessor.java:103) ~[na:na]
	at java.base/java.lang.reflect.Method.invoke(Method.java:580) ~[na:na]
	at org.springframework.boot.loader.launch.Launcher.launch(Launcher.java:102) ~[order-service-0.0.1-SNAPSHOT.jar:0.0.1-SNAPSHOT]
	at org.springframework.boot.loader.launch.Launcher.launch(Launcher.java:64) ~[order-service-0.0.1-SNAPSHOT.jar:0.0.1-SNAPSHOT]
	at org.springframework.boot.loader.launch.JarLauncher.main(JarLauncher.java:40) ~[order-service-0.0.1-SNAPSHOT.jar:0.0.1-SNAPSHOT]
Caused by: java.sql.SQLSyntaxErrorException: You have an error in your SQL syntax; check the manual that corresponds to your MySQL server version for the right syntax to use near 'order (id varchar(255) not null, status enum ('ACTIVATED','CANCELED','CREATED','' at line 1
	at com.mysql.cj.jdbc.exceptions.SQLError.createSQLException(SQLError.java:121) ~[mysql-connector-j-8.3.0.jar!/:8.3.0]
	at com.mysql.cj.jdbc.exceptions.SQLExceptionsMapping.translateException(SQLExceptionsMapping.java:122) ~[mysql-connector-j-8.3.0.jar!/:8.3.0]
	at com.mysql.cj.jdbc.StatementImpl.executeInternal(StatementImpl.java:770) ~[mysql-connector-j-8.3.0.jar!/:8.3.0]
	at com.mysql.cj.jdbc.StatementImpl.execute(StatementImpl.java:653) ~[mysql-connector-j-8.3.0.jar!/:8.3.0]
	at com.zaxxer.hikari.pool.ProxyStatement.execute(ProxyStatement.java:94) ~[HikariCP-5.1.0.jar!/:na]
	at com.zaxxer.hikari.pool.HikariProxyStatement.execute(HikariProxyStatement.java) ~[HikariCP-5.1.0.jar!/:na]
	at org.hibernate.tool.schema.internal.exec.GenerationTargetToDatabase.accept(GenerationTargetToDatabase.java:80) ~[hibernate-core-6.5.3.Final.jar!/:6.5.3.Final]
	... 42 common frames omitted

Hibernate: alter table saga_entry modify column serialized_saga blob
Hibernate: alter table token_entry modify column token blob
Hibernate: alter table order_line add constraint FKsag994hw7thnj0xefj4gl1wod foreign key (order_id) references order (id)
2025-12-29T10:13:15.114+01:00  WARN 18096 --- [order-service] [           main] o.h.t.s.i.ExceptionHandlerLoggedImpl     : GenerationTarget encountered exception accepting command : Error executing DDL "alter table order_line add constraint FKsag994hw7thnj0xefj4gl1wod foreign key (order_id) references order (id)" via JDBC [You have an error in your SQL syntax; check the manual that corresponds to your MySQL server version for the right syntax to use near 'order (id)' at line 1]

org.hibernate.tool.schema.spi.CommandAcceptanceException: Error executing DDL "alter table order_line add constraint FKsag994hw7thnj0xefj4gl1wod foreign key (order_id) references order (id)" via JDBC [You have an error in your SQL syntax; check the manual that corresponds to your MySQL server version for the right syntax to use near 'order (id)' at line 1]
	at org.hibernate.tool.schema.internal.exec.GenerationTargetToDatabase.accept(GenerationTargetToDatabase.java:94) ~[hibernate-core-6.5.3.Final.jar!/:6.5.3.Final]
	at org.hibernate.tool.schema.internal.AbstractSchemaMigrator.applySqlString(AbstractSchemaMigrator.java:583) ~[hibernate-core-6.5.3.Final.jar!/:6.5.3.Final]
	at org.hibernate.tool.schema.internal.AbstractSchemaMigrator.applySqlStrings(AbstractSchemaMigrator.java:523) ~[hibernate-core-6.5.3.Final.jar!/:6.5.3.Final]
	at org.hibernate.tool.schema.internal.AbstractSchemaMigrator.applyForeignKeys(AbstractSchemaMigrator.java:455) ~[hibernate-core-6.5.3.Final.jar!/:6.5.3.Final]
	at org.hibernate.tool.schema.internal.AbstractSchemaMigrator.performMigration(AbstractSchemaMigrator.java:276) ~[hibernate-core-6.5.3.Final.jar!/:6.5.3.Final]
	at org.hibernate.tool.schema.internal.AbstractSchemaMigrator.doMigration(AbstractSchemaMigrator.java:119) ~[hibernate-core-6.5.3.Final.jar!/:6.5.3.Final]
	at org.hibernate.tool.schema.spi.SchemaManagementToolCoordinator.performDatabaseAction(SchemaManagementToolCoordinator.java:280) ~[hibernate-core-6.5.3.Final.jar!/:6.5.3.Final]
	at org.hibernate.tool.schema.spi.SchemaManagementToolCoordinator.lambda$process$5(SchemaManagementToolCoordinator.java:144) ~[hibernate-core-6.5.3.Final.jar!/:6.5.3.Final]
	at java.base/java.util.HashMap.forEach(HashMap.java:1429) ~[na:na]
	at org.hibernate.tool.schema.spi.SchemaManagementToolCoordinator.process(SchemaManagementToolCoordinator.java:141) ~[hibernate-core-6.5.3.Final.jar!/:6.5.3.Final]
	at org.hibernate.boot.internal.SessionFactoryObserverForSchemaExport.sessionFactoryCreated(SessionFactoryObserverForSchemaExport.java:37) ~[hibernate-core-6.5.3.Final.jar!/:6.5.3.Final]
	at org.hibernate.internal.SessionFactoryObserverChain.sessionFactoryCreated(SessionFactoryObserverChain.java:35) ~[hibernate-core-6.5.3.Final.jar!/:6.5.3.Final]
	at org.hibernate.internal.SessionFactoryImpl.<init>(SessionFactoryImpl.java:322) ~[hibernate-core-6.5.3.Final.jar!/:6.5.3.Final]
	at org.hibernate.boot.internal.SessionFactoryBuilderImpl.build(SessionFactoryBuilderImpl.java:457) ~[hibernate-core-6.5.3.Final.jar!/:6.5.3.Final]
	at org.hibernate.jpa.boot.internal.EntityManagerFactoryBuilderImpl.build(EntityManagerFactoryBuilderImpl.java:1506) ~[hibernate-core-6.5.3.Final.jar!/:6.5.3.Final]
	at org.springframework.orm.jpa.vendor.SpringHibernateJpaPersistenceProvider.createContainerEntityManagerFactory(SpringHibernateJpaPersistenceProvider.java:75) ~[spring-orm-6.1.15.jar!/:6.1.15]
	at org.springframework.orm.jpa.LocalContainerEntityManagerFactoryBean.createNativeEntityManagerFactory(LocalContainerEntityManagerFactoryBean.java:390) ~[spring-orm-6.1.15.jar!/:6.1.15]
	at org.springframework.orm.jpa.AbstractEntityManagerFactoryBean.buildNativeEntityManagerFactory(AbstractEntityManagerFactoryBean.java:409) ~[spring-orm-6.1.15.jar!/:6.1.15]
	at org.springframework.orm.jpa.AbstractEntityManagerFactoryBean.afterPropertiesSet(AbstractEntityManagerFactoryBean.java:396) ~[spring-orm-6.1.15.jar!/:6.1.15]
	at org.springframework.orm.jpa.LocalContainerEntityManagerFactoryBean.afterPropertiesSet(LocalContainerEntityManagerFactoryBean.java:366) ~[spring-orm-6.1.15.jar!/:6.1.15]
	at org.springframework.beans.factory.support.AbstractAutowireCapableBeanFactory.invokeInitMethods(AbstractAutowireCapableBeanFactory.java:1853) ~[spring-beans-6.1.15.jar!/:6.1.15]
	at org.springframework.beans.factory.support.AbstractAutowireCapableBeanFactory.initializeBean(AbstractAutowireCapableBeanFactory.java:1802) ~[spring-beans-6.1.15.jar!/:6.1.15]
	at org.springframework.beans.factory.support.AbstractAutowireCapableBeanFactory.doCreateBean(AbstractAutowireCapableBeanFactory.java:600) ~[spring-beans-6.1.15.jar!/:6.1.15]
	at org.springframework.beans.factory.support.AbstractAutowireCapableBeanFactory.createBean(AbstractAutowireCapableBeanFactory.java:522) ~[spring-beans-6.1.15.jar!/:6.1.15]
	at org.springframework.beans.factory.support.AbstractBeanFactory.lambda$doGetBean$0(AbstractBeanFactory.java:337) ~[spring-beans-6.1.15.jar!/:6.1.15]
	at org.springframework.beans.factory.support.DefaultSingletonBeanRegistry.getSingleton(DefaultSingletonBeanRegistry.java:234) ~[spring-beans-6.1.15.jar!/:6.1.15]
	at org.springframework.beans.factory.support.AbstractBeanFactory.doGetBean(AbstractBeanFactory.java:335) ~[spring-beans-6.1.15.jar!/:6.1.15]
	at org.springframework.beans.factory.support.AbstractBeanFactory.getBean(AbstractBeanFactory.java:205) ~[spring-beans-6.1.15.jar!/:6.1.15]
	at org.springframework.context.support.AbstractApplicationContext.finishBeanFactoryInitialization(AbstractApplicationContext.java:954) ~[spring-context-6.1.15.jar!/:6.1.15]
	at org.springframework.context.support.AbstractApplicationContext.refresh(AbstractApplicationContext.java:625) ~[spring-context-6.1.15.jar!/:6.1.15]
	at org.springframework.boot.web.servlet.context.ServletWebServerApplicationContext.refresh(ServletWebServerApplicationContext.java:146) ~[spring-boot-3.3.6.jar!/:3.3.6]
	at org.springframework.boot.SpringApplication.refresh(SpringApplication.java:754) ~[spring-boot-3.3.6.jar!/:3.3.6]
	at org.springframework.boot.SpringApplication.refreshContext(SpringApplication.java:456) ~[spring-boot-3.3.6.jar!/:3.3.6]
	at org.springframework.boot.SpringApplication.run(SpringApplication.java:335) ~[spring-boot-3.3.6.jar!/:3.3.6]
	at org.springframework.boot.SpringApplication.run(SpringApplication.java:1363) ~[spring-boot-3.3.6.jar!/:3.3.6]
	at org.springframework.boot.SpringApplication.run(SpringApplication.java:1352) ~[spring-boot-3.3.6.jar!/:3.3.6]
	at com.oussama.orderservice.OrderServiceApplication.main(OrderServiceApplication.java:10) ~[!/:0.0.1-SNAPSHOT]
	at java.base/jdk.internal.reflect.DirectMethodHandleAccessor.invoke(DirectMethodHandleAccessor.java:103) ~[na:na]
	at java.base/java.lang.reflect.Method.invoke(Method.java:580) ~[na:na]
	at org.springframework.boot.loader.launch.Launcher.launch(Launcher.java:102) ~[order-service-0.0.1-SNAPSHOT.jar:0.0.1-SNAPSHOT]
	at org.springframework.boot.loader.launch.Launcher.launch(Launcher.java:64) ~[order-service-0.0.1-SNAPSHOT.jar:0.0.1-SNAPSHOT]
	at org.springframework.boot.loader.launch.JarLauncher.main(JarLauncher.java:40) ~[order-service-0.0.1-SNAPSHOT.jar:0.0.1-SNAPSHOT]
Caused by: java.sql.SQLSyntaxErrorException: You have an error in your SQL syntax; check the manual that corresponds to your MySQL server version for the right syntax to use near 'order (id)' at line 1
	at com.mysql.cj.jdbc.exceptions.SQLError.createSQLException(SQLError.java:121) ~[mysql-connector-j-8.3.0.jar!/:8.3.0]
	at com.mysql.cj.jdbc.exceptions.SQLExceptionsMapping.translateException(SQLExceptionsMapping.java:122) ~[mysql-connector-j-8.3.0.jar!/:8.3.0]
	at com.mysql.cj.jdbc.StatementImpl.executeInternal(StatementImpl.java:770) ~[mysql-connector-j-8.3.0.jar!/:8.3.0]
	at com.mysql.cj.jdbc.StatementImpl.execute(StatementImpl.java:653) ~[mysql-connector-j-8.3.0.jar!/:8.3.0]
	at com.zaxxer.hikari.pool.ProxyStatement.execute(ProxyStatement.java:94) ~[HikariCP-5.1.0.jar!/:na]
	at com.zaxxer.hikari.pool.HikariProxyStatement.execute(HikariProxyStatement.java) ~[HikariCP-5.1.0.jar!/:na]
	at org.hibernate.tool.schema.internal.exec.GenerationTargetToDatabase.accept(GenerationTargetToDatabase.java:80) ~[hibernate-core-6.5.3.Final.jar!/:6.5.3.Final]
	... 41 common frames omitted

2025-12-29T10:13:15.120+01:00  INFO 18096 --- [order-service] [           main] j.LocalContainerEntityManagerFactoryBean : Initialized JPA EntityManagerFactory for persistence unit 'default'
2025-12-29T10:13:15.991+01:00  INFO 18096 --- [order-service] [           main] o.a.s.a.XStreamAutoConfiguration         : Initializing an XStream instance since none was found. The auto configuration base packages will be used as wildcards for the XStream security settings.
2025-12-29T10:13:17.726+01:00  INFO 18096 --- [order-service] [           main] o.a.s.util.XStreamSecurityTypeUtility    : Constructing wildcard type for base package [com.oussama.orderservice].
2025-12-29T10:13:17.726+01:00  INFO 18096 --- [order-service] [           main] o.a.s.util.XStreamSecurityTypeUtility    : Constructing wildcard type for base package [org.axonframework.eventhandling.tokenstore].
2025-12-29T10:13:17.727+01:00  INFO 18096 --- [order-service] [           main] o.a.s.util.XStreamSecurityTypeUtility    : Constructing wildcard type for base package [org.axonframework.eventhandling.deadletter.jpa].
2025-12-29T10:13:17.728+01:00  INFO 18096 --- [order-service] [           main] o.a.s.util.XStreamSecurityTypeUtility    : Constructing wildcard type for base package [org.axonframework.modelling.saga.repository.jpa].
2025-12-29T10:13:17.826+01:00  INFO 18096 --- [order-service] [           main] o.a.serialization.ChainingConverter      : ContentTypeConverter of type [class org.axonframework.serialization.xml.Dom4JToByteArrayConverter] is ignored. It seems to rely on a class that is not available in the class loader: org/dom4j/Document
2025-12-29T10:13:17.830+01:00  INFO 18096 --- [order-service] [           main] o.a.serialization.ChainingConverter      : ContentTypeConverter of type [class org.axonframework.serialization.xml.InputStreamToDom4jConverter] is ignored. It seems to rely on a class that is not available in the class loader: org/dom4j/Document
2025-12-29T10:13:17.833+01:00  INFO 18096 --- [order-service] [           main] o.a.serialization.ChainingConverter      : ContentTypeConverter of type [class org.axonframework.serialization.xml.XomToStringConverter] is ignored. It seems to rely on a class that is not available in the class loader: nu/xom/Document
2025-12-29T10:13:17.837+01:00  INFO 18096 --- [order-service] [           main] o.a.serialization.ChainingConverter      : ContentTypeConverter of type [class org.axonframework.serialization.xml.InputStreamToXomConverter] is ignored. It seems to rely on a class that is not available in the class loader: nu/xom/ParsingException
2025-12-29T10:13:18.264+01:00  INFO 18096 --- [order-service] [           main] o.a.config.AxonIQConsoleModule           : 
################################################################################################
## You have not configured AxonIQ Console. AxonIQ Console provides out-of-the box monitoring  ##
## and management capabilities for your Axon Application, starting with it is free.           ##
## Visit https://console.axoniq.io for more information!                                      ##
## Suppress this message by setting system property disable-axoniq-console-message to true.   ##
################################################################################################

2025-12-29T10:13:20.711+01:00  WARN 18096 --- [order-service] [           main] JpaBaseConfiguration$JpaWebConfiguration : spring.jpa.open-in-view is enabled by default. Therefore, database queries may be performed during view rendering. Explicitly configure spring.jpa.open-in-view to disable this warning
2025-12-29T10:13:25.581+01:00  INFO 18096 --- [order-service] [           main] o.s.cloud.commons.util.InetUtils         : Cannot determine local hostname
2025-12-29T10:13:26.723+01:00  INFO 18096 --- [order-service] [           main] o.s.cloud.commons.util.InetUtils         : Cannot determine local hostname
2025-12-29T10:13:26.853+01:00  INFO 18096 --- [order-service] [           main] DiscoveryClientOptionalArgsConfiguration : Eureka HTTP Client uses RestTemplate.
2025-12-29T10:13:27.084+01:00  WARN 18096 --- [order-service] [           main] iguration$LoadBalancerCaffeineWarnLogger : Spring Cloud LoadBalancer is currently working with the default cache. While this cache implementation is useful for development and tests, it's recommended to use Caffeine cache in production.You can switch to using Caffeine cache, by adding it and org.springframework.cache.caffeine.CaffeineCacheManager to the classpath.
2025-12-29T10:13:27.277+01:00  INFO 18096 --- [order-service] [           main] o.s.c.n.eureka.InstanceInfoFactory       : Setting initial instance status as: STARTING
2025-12-29T10:13:27.422+01:00  INFO 18096 --- [order-service] [           main] com.netflix.discovery.DiscoveryClient    : Initializing Eureka in region us-east-1
2025-12-29T10:13:27.444+01:00  INFO 18096 --- [order-service] [           main] c.n.d.s.r.aws.ConfigClusterResolver      : Resolving eureka endpoints via configuration
2025-12-29T10:13:27.495+01:00  INFO 18096 --- [order-service] [           main] com.netflix.discovery.DiscoveryClient    : Disable delta property : false
2025-12-29T10:13:27.495+01:00  INFO 18096 --- [order-service] [           main] com.netflix.discovery.DiscoveryClient    : Single vip registry refresh property : null
2025-12-29T10:13:27.496+01:00  INFO 18096 --- [order-service] [           main] com.netflix.discovery.DiscoveryClient    : Force full registry fetch : false
2025-12-29T10:13:27.497+01:00  INFO 18096 --- [order-service] [           main] com.netflix.discovery.DiscoveryClient    : Application is null : false
2025-12-29T10:13:27.497+01:00  INFO 18096 --- [order-service] [           main] com.netflix.discovery.DiscoveryClient    : Registered Applications size is zero : true
2025-12-29T10:13:27.498+01:00  INFO 18096 --- [order-service] [           main] com.netflix.discovery.DiscoveryClient    : Application version is -1: true
2025-12-29T10:13:27.499+01:00  INFO 18096 --- [order-service] [           main] com.netflix.discovery.DiscoveryClient    : Getting all instance registry info from the eureka server
2025-12-29T10:13:29.518+01:00  INFO 18096 --- [order-service] [           main] com.netflix.discovery.DiscoveryClient    : The response status is 200
2025-12-29T10:13:29.525+01:00  INFO 18096 --- [order-service] [           main] com.netflix.discovery.DiscoveryClient    : Starting heartbeat executor: renew interval is: 30
2025-12-29T10:13:29.532+01:00  INFO 18096 --- [order-service] [           main] c.n.discovery.InstanceInfoReplicator     : InstanceInfoReplicator onDemand update allowed rate per min is 4
2025-12-29T10:13:29.538+01:00  INFO 18096 --- [order-service] [           main] com.netflix.discovery.DiscoveryClient    : Discovery Client initialized at timestamp 1766999609535 with initial instances count: 0
2025-12-29T10:13:29.553+01:00  INFO 18096 --- [order-service] [           main] o.s.c.n.e.s.EurekaServiceRegistry        : Registering application ORDER-SERVICE with eureka with status UP
2025-12-29T10:13:29.555+01:00  INFO 18096 --- [order-service] [           main] com.netflix.discovery.DiscoveryClient    : Saw local status change event StatusChangeEvent [timestamp=1766999609555, current=UP, previous=STARTING]
2025-12-29T10:13:29.561+01:00  INFO 18096 --- [order-service] [foReplicator-%d] com.netflix.discovery.DiscoveryClient    : DiscoveryClient_ORDER-SERVICE/localhost:order-service:8081: registering service...
2025-12-29T10:13:30.037+01:00  INFO 18096 --- [order-service] [foReplicator-%d] com.netflix.discovery.DiscoveryClient    : DiscoveryClient_ORDER-SERVICE/localhost:order-service:8081 - registration status: 204
2025-12-29T10:13:34.914+01:00  INFO 18096 --- [order-service] [           main] i.a.a.c.impl.AxonServerManagedChannel    : Requesting connection details from localhost:8124
2025-12-29T10:13:37.901+01:00  INFO 18096 --- [order-service] [           main] i.a.a.c.impl.AxonServerManagedChannel    : Successfully connected to localhost:8124
2025-12-29T10:13:37.986+01:00  INFO 18096 --- [order-service] [           main] i.a.a.connector.impl.ControlChannelImpl  : Connected instruction stream for context 'default'. Sending client identification
2025-12-29T10:13:38.037+01:00  INFO 18096 --- [order-service] [           main] i.a.a.c.command.impl.CommandChannelImpl  : CommandChannel for context 'default' connected, 0 command handlers registered
2025-12-29T10:13:38.053+01:00  INFO 18096 --- [order-service] [           main] i.a.a.c.command.impl.CommandChannelImpl  : Registered handler for command 'com.oussama.orderservice.common.api.commands.CreateOrderCommand' in context 'default'
2025-12-29T10:13:38.092+01:00  INFO 18096 --- [order-service] [           main] i.a.a.c.command.impl.CommandChannelImpl  : Registered handler for command 'com.oussama.orderservice.common.api.commands.UpdateOrderStatusCommand' in context 'default'
2025-12-29T10:13:38.872+01:00  INFO 18096 --- [order-service] [           main] i.a.a.c.query.impl.QueryChannelImpl      : QueryChannel for context 'default' connected, 0 registrations resubscribed
2025-12-29T10:13:38.921+01:00  INFO 18096 --- [order-service] [           main] i.a.a.c.query.impl.QueryChannelImpl      : Registered handler for query 'com.oussama.orderservice.common.api.queries.GetOrderByIdQuery : com.oussama.orderservice.query.entities.Order' in context 'default'
2025-12-29T10:13:39.074+01:00  INFO 18096 --- [order-service] [           main] i.a.a.c.query.impl.QueryChannelImpl      : Registered handler for query 'com.oussama.orderservice.common.api.queries.GetAllOrdersQuery : java.util.List<com.oussama.orderservice.query.entities.Order>' in context 'default'
Hibernate: select te1_0.segment from token_entry te1_0 where te1_0.processor_name=? order by te1_0.segment
Hibernate: select te1_0.segment from token_entry te1_0 where te1_0.processor_name=? order by te1_0.segment
Hibernate: select te1_0.segment from token_entry te1_0 where te1_0.processor_name=? order by te1_0.segment
Hibernate: select te1_0.processor_name,te1_0.segment,te1_0.owner,te1_0.timestamp,te1_0.token,te1_0.token_type from token_entry te1_0 where (te1_0.processor_name,te1_0.segment) in ((?,?))
Hibernate: select te1_0.processor_name,te1_0.segment,te1_0.owner,te1_0.timestamp,te1_0.token,te1_0.token_type from token_entry te1_0 where te1_0.processor_name=? order by te1_0.segment
Hibernate: select te1_0.processor_name,te1_0.segment,te1_0.owner,te1_0.timestamp,te1_0.token,te1_0.token_type from token_entry te1_0 where te1_0.processor_name=? order by te1_0.segment
Hibernate: select te1_0.processor_name,te1_0.segment,te1_0.owner,te1_0.timestamp,te1_0.token,te1_0.token_type from token_entry te1_0 where te1_0.processor_name=? order by te1_0.segment
Hibernate: select te1_0.processor_name,te1_0.segment,te1_0.owner,te1_0.timestamp,te1_0.token,te1_0.token_type from token_entry te1_0 where (te1_0.processor_name,te1_0.segment) in ((?,?)) for update
Hibernate: select te1_0.processor_name,te1_0.segment,te1_0.owner,te1_0.timestamp,te1_0.token,te1_0.token_type from token_entry te1_0 where (te1_0.processor_name,te1_0.segment) in ((?,?)) for update
Hibernate: select te1_0.processor_name,te1_0.segment,te1_0.owner,te1_0.timestamp,te1_0.token,te1_0.token_type from token_entry te1_0 where (te1_0.processor_name,te1_0.segment) in ((?,?)) for update
Hibernate: select te1_0.processor_name,te1_0.segment,te1_0.owner,te1_0.timestamp,te1_0.token,te1_0.token_type from token_entry te1_0 where (te1_0.processor_name,te1_0.segment) in ((?,?)) for update
Hibernate: select te1_0.processor_name,te1_0.segment,te1_0.owner,te1_0.timestamp,te1_0.token,te1_0.token_type from token_entry te1_0 where (te1_0.processor_name,te1_0.segment) in ((?,?)) for update
Hibernate: select te1_0.processor_name,te1_0.segment,te1_0.owner,te1_0.timestamp,te1_0.token,te1_0.token_type from token_entry te1_0 where (te1_0.processor_name,te1_0.segment) in ((?,?)) for update
2025-12-29T10:13:40.667+01:00  INFO 18096 --- [order-service] [.projections]-0] o.a.e.TrackingEventProcessor             : Worker assigned to segment Segment[0/0] for processing
2025-12-29T10:13:40.668+01:00  INFO 18096 --- [order-service] [agaProcessor]-0] o.a.e.TrackingEventProcessor             : Worker assigned to segment Segment[0/0] for processing
2025-12-29T10:13:40.671+01:00  INFO 18096 --- [order-service] [ishing-group]-0] o.a.e.TrackingEventProcessor             : Worker assigned to segment Segment[0/0] for processing
Hibernate: update token_entry set owner=?,timestamp=?,token=?,token_type=? where processor_name=? and segment=?
Hibernate: update token_entry set owner=?,timestamp=?,token=?,token_type=? where processor_name=? and segment=?
Hibernate: update token_entry set owner=?,timestamp=?,token=?,token_type=? where processor_name=? and segment=?
2025-12-29T10:13:41.433+01:00  INFO 18096 --- [order-service] [           main] o.s.b.w.embedded.tomcat.TomcatWebServer  : Tomcat started on port 8081 (http) with context path '/'
2025-12-29T10:13:41.450+01:00  INFO 18096 --- [order-service] [           main] .s.c.n.e.s.EurekaAutoServiceRegistration : Updating port to 8081
Hibernate: select te1_0.processor_name,te1_0.segment,te1_0.owner,te1_0.timestamp,te1_0.token,te1_0.token_type from token_entry te1_0 where (te1_0.processor_name,te1_0.segment) in ((?,?))
Hibernate: select te1_0.processor_name,te1_0.segment,te1_0.owner,te1_0.timestamp,te1_0.token,te1_0.token_type from token_entry te1_0 where (te1_0.processor_name,te1_0.segment) in ((?,?))
2025-12-29T10:13:41.837+01:00  INFO 18096 --- [order-service] [.projections]-0] o.a.e.TrackingEventProcessor             : Using current Thread for last segment worker: TrackingSegmentWorker{processor=com.oussama.orderservice.query.projections, segment=Segment[0/0]}
Hibernate: select te1_0.processor_name,te1_0.segment,te1_0.owner,te1_0.timestamp,te1_0.token,te1_0.token_type from token_entry te1_0 where (te1_0.processor_name,te1_0.segment) in ((?,?)) for update
2025-12-29T10:13:41.888+01:00  INFO 18096 --- [order-service] [agaProcessor]-0] o.a.e.TrackingEventProcessor             : Using current Thread for last segment worker: TrackingSegmentWorker{processor=OrderSagaProcessor, segment=Segment[0/0]}
2025-12-29T10:13:41.889+01:00  INFO 18096 --- [order-service] [ishing-group]-0] o.a.e.TrackingEventProcessor             : Using current Thread for last segment worker: TrackingSegmentWorker{processor=__axon-kafka-event-publishing-group, segment=Segment[0/0]}
Hibernate: select te1_0.processor_name,te1_0.segment,te1_0.owner,te1_0.timestamp,te1_0.token,te1_0.token_type from token_entry te1_0 where (te1_0.processor_name,te1_0.segment) in ((?,?)) for update
Hibernate: select te1_0.processor_name,te1_0.segment,te1_0.owner,te1_0.timestamp,te1_0.token,te1_0.token_type from token_entry te1_0 where (te1_0.processor_name,te1_0.segment) in ((?,?)) for update
Hibernate: update token_entry set owner=?,timestamp=?,token=?,token_type=? where processor_name=? and segment=?
Hibernate: update token_entry set owner=?,timestamp=?,token=?,token_type=? where processor_name=? and segment=?
Hibernate: update token_entry set owner=?,timestamp=?,token=?,token_type=? where processor_name=? and segment=?
2025-12-29T10:13:42.084+01:00  INFO 18096 --- [order-service] [.projections]-0] o.a.e.TrackingEventProcessor             : Fetched token: null for segment: Segment[0/0]
2025-12-29T10:13:42.134+01:00  INFO 18096 --- [order-service] [ishing-group]-0] o.a.e.TrackingEventProcessor             : Fetched token: null for segment: Segment[0/0]
2025-12-29T10:13:42.134+01:00  INFO 18096 --- [order-service] [agaProcessor]-0] o.a.e.TrackingEventProcessor             : Fetched token: null for segment: Segment[0/0]
2025-12-29T10:13:42.566+01:00  INFO 18096 --- [order-service] [           main] o.s.cloud.commons.util.InetUtils         : Cannot determine local hostname
2025-12-29T10:13:42.731+01:00  INFO 18096 --- [order-service] [           main] c.o.o.OrderServiceApplication            : Started OrderServiceApplication in 77.901 seconds (process running for 80.843)
Hibernate: update token_entry te1_0 set timestamp=? where te1_0.processor_name=? and te1_0.segment=? and te1_0.owner=?
Hibernate: update token_entry te1_0 set timestamp=? where te1_0.processor_name=? and te1_0.segment=? and te1_0.owner=?
Hibernate: update token_entry te1_0 set timestamp=? where te1_0.processor_name=? and te1_0.segment=? and te1_0.owner=?
Hibernate: update token_entry te1_0 set timestamp=? where te1_0.processor_name=? and te1_0.segment=? and te1_0.owner=?
Hibernate: update token_entry te1_0 set timestamp=? where te1_0.processor_name=? and te1_0.segment=? and te1_0.owner=?
Hibernate: update token_entry te1_0 set timestamp=? where te1_0.processor_name=? and te1_0.segment=? and te1_0.owner=?
Hibernate: update token_entry te1_0 set timestamp=? where te1_0.processor_name=? and te1_0.segment=? and te1_0.owner=?
Hibernate: update token_entry te1_0 set timestamp=? where te1_0.processor_name=? and te1_0.segment=? and te1_0.owner=?
Hibernate: update token_entry te1_0 set timestamp=? where te1_0.processor_name=? and te1_0.segment=? and te1_0.owner=?
Hibernate: update token_entry te1_0 set timestamp=? where te1_0.processor_name=? and te1_0.segment=? and te1_0.owner=?
Hibernate: update token_entry te1_0 set timestamp=? where te1_0.processor_name=? and te1_0.segment=? and te1_0.owner=?
Hibernate: update token_entry te1_0 set timestamp=? where te1_0.processor_name=? and te1_0.segment=? and te1_0.owner=?
Hibernate: update token_entry te1_0 set timestamp=? where te1_0.processor_name=? and te1_0.segment=? and te1_0.owner=?
Hibernate: update token_entry te1_0 set timestamp=? where te1_0.processor_name=? and te1_0.segment=? and te1_0.owner=?
Hibernate: update token_entry te1_0 set timestamp=? where te1_0.processor_name=? and te1_0.segment=? and te1_0.owner=?
Hibernate: update token_entry te1_0 set timestamp=? where te1_0.processor_name=? and te1_0.segment=? and te1_0.owner=?
Hibernate: update token_entry te1_0 set timestamp=? where te1_0.processor_name=? and te1_0.segment=? and te1_0.owner=?
Hibernate: update token_entry te1_0 set timestamp=? where te1_0.processor_name=? and te1_0.segment=? and te1_0.owner=?
2025-12-29T10:13:50.521+01:00  INFO 18096 --- [order-service] [nio-8081-exec-1] o.a.c.c.C.[Tomcat].[localhost].[/]       : Initializing Spring DispatcherServlet 'dispatcherServlet'
2025-12-29T10:13:50.521+01:00  INFO 18096 --- [order-service] [nio-8081-exec-1] o.s.web.servlet.DispatcherServlet        : Initializing Servlet 'dispatcherServlet'
2025-12-29T10:13:50.528+01:00  INFO 18096 --- [order-service] [nio-8081-exec-1] o.s.web.servlet.DispatcherServlet        : Completed initialization in 5 ms
Hibernate: update token_entry te1_0 set timestamp=? where te1_0.processor_name=? and te1_0.segment=? and te1_0.owner=?
Hibernate: update token_entry te1_0 set timestamp=? where te1_0.processor_name=? and te1_0.segment=? and te1_0.owner=?
Hibernate: update token_entry te1_0 set timestamp=? where te1_0.processor_name=? and te1_0.segment=? and te1_0.owner=?
Hibernate: update token_entry te1_0 set timestamp=? where te1_0.processor_name=? and te1_0.segment=? and te1_0.owner=?
Hibernate: update token_entry te1_0 set timestamp=? where te1_0.processor_name=? and te1_0.segment=? and te1_0.owner=?
Hibernate: update token_entry te1_0 set timestamp=? where te1_0.processor_name=? and te1_0.segment=? and te1_0.owner=?
Hibernate: update token_entry te1_0 set timestamp=? where te1_0.processor_name=? and te1_0.segment=? and te1_0.owner=?
Hibernate: update token_entry te1_0 set timestamp=? where te1_0.processor_name=? and te1_0.segment=? and te1_0.owner=?
Hibernate: update token_entry te1_0 set timestamp=? where te1_0.processor_name=? and te1_0.segment=? and te1_0.owner=?
Hibernate: update token_entry te1_0 set timestamp=? where te1_0.processor_name=? and te1_0.segment=? and te1_0.owner=?
Hibernate: update token_entry te1_0 set timestamp=? where te1_0.processor_name=? and te1_0.segment=? and te1_0.owner=?
Hibernate: update token_entry te1_0 set timestamp=? where te1_0.processor_name=? and te1_0.segment=? and te1_0.owner=?
2025-12-29T10:13:59.539+01:00  INFO 18096 --- [order-service] [reshExecutor-%d] com.netflix.discovery.DiscoveryClient    : Disable delta property : false
2025-12-29T10:13:59.540+01:00  INFO 18096 --- [order-service] [reshExecutor-%d] com.netflix.discovery.DiscoveryClient    : Single vip registry refresh property : null
2025-12-29T10:13:59.542+01:00  INFO 18096 --- [order-service] [reshExecutor-%d] com.netflix.discovery.DiscoveryClient    : Force full registry fetch : false
2025-12-29T10:13:59.544+01:00  INFO 18096 --- [order-service] [reshExecutor-%d] com.netflix.discovery.DiscoveryClient    : Application is null : false
2025-12-29T10:13:59.548+01:00  INFO 18096 --- [order-service] [reshExecutor-%d] com.netflix.discovery.DiscoveryClient    : Registered Applications size is zero : true
2025-12-29T10:13:59.550+01:00  INFO 18096 --- [order-service] [reshExecutor-%d] com.netflix.discovery.DiscoveryClient    : Application version is -1: false
2025-12-29T10:13:59.553+01:00  INFO 18096 --- [order-service] [reshExecutor-%d] com.netflix.discovery.DiscoveryClient    : Getting all instance registry info from the eureka server
2025-12-29T10:13:59.650+01:00  INFO 18096 --- [order-service] [reshExecutor-%d] com.netflix.discovery.DiscoveryClient    : The response status is 200
Hibernate: update token_entry te1_0 set timestamp=? where te1_0.processor_name=? and te1_0.segment=? and te1_0.owner=?
Hibernate: update token_entry te1_0 set timestamp=? where te1_0.processor_name=? and te1_0.segment=? and te1_0.owner=?
Hibernate: update token_entry te1_0 set timestamp=? where te1_0.processor_name=? and te1_0.segment=? and te1_0.owner=?
Hibernate: update token_entry te1_0 set timestamp=? where te1_0.processor_name=? and te1_0.segment=? and te1_0.owner=?
Hibernate: update token_entry te1_0 set timestamp=? where te1_0.processor_name=? and te1_0.segment=? and te1_0.owner=?
Hibernate: update token_entry te1_0 set timestamp=? where te1_0.processor_name=? and te1_0.segment=? and te1_0.owner=?
Hibernate: update token_entry te1_0 set timestamp=? where te1_0.processor_name=? and te1_0.segment=? and te1_0.owner=?
Hibernate: update token_entry te1_0 set timestamp=? where te1_0.processor_name=? and te1_0.segment=? and te1_0.owner=?
Hibernate: update token_entry te1_0 set timestamp=? where te1_0.processor_name=? and te1_0.segment=? and te1_0.owner=?
Hibernate: update token_entry te1_0 set timestamp=? where te1_0.processor_name=? and te1_0.segment=? and te1_0.owner=?
Hibernate: update token_entry te1_0 set timestamp=? where te1_0.processor_name=? and te1_0.segment=? and te1_0.owner=?
Hibernate: update token_entry te1_0 set timestamp=? where te1_0.processor_name=? and te1_0.segment=? and te1_0.owner=?
Hibernate: update token_entry te1_0 set timestamp=? where te1_0.processor_name=? and te1_0.segment=? and te1_0.owner=?
Hibernate: update token_entry te1_0 set timestamp=? where te1_0.processor_name=? and te1_0.segment=? and te1_0.owner=?
Hibernate: update token_entry te1_0 set timestamp=? where te1_0.processor_name=? and te1_0.segment=? and te1_0.owner=?
Hibernate: update token_entry te1_0 set timestamp=? where te1_0.processor_name=? and te1_0.segment=? and te1_0.owner=?
Hibernate: update token_entry te1_0 set timestamp=? where te1_0.processor_name=? and te1_0.segment=? and te1_0.owner=?
Hibernate: update token_entry te1_0 set timestamp=? where te1_0.processor_name=? and te1_0.segment=? and te1_0.owner=?
Hibernate: update token_entry te1_0 set timestamp=? where te1_0.processor_name=? and te1_0.segment=? and te1_0.owner=?
Hibernate: update token_entry te1_0 set timestamp=? where te1_0.processor_name=? and te1_0.segment=? and te1_0.owner=?
Hibernate: update token_entry te1_0 set timestamp=? where te1_0.processor_name=? and te1_0.segment=? and te1_0.owner=?
Hibernate: update token_entry te1_0 set timestamp=? where te1_0.processor_name=? and te1_0.segment=? and te1_0.owner=?
Hibernate: update token_entry te1_0 set timestamp=? where te1_0.processor_name=? and te1_0.segment=? and te1_0.owner=?
Hibernate: update token_entry te1_0 set timestamp=? where te1_0.processor_name=? and te1_0.segment=? and te1_0.owner=?
Hibernate: update token_entry te1_0 set timestamp=? where te1_0.processor_name=? and te1_0.segment=? and te1_0.owner=?
Hibernate: update token_entry te1_0 set timestamp=? where te1_0.processor_name=? and te1_0.segment=? and te1_0.owner=?
Hibernate: update token_entry te1_0 set timestamp=? where te1_0.processor_name=? and te1_0.segment=? and te1_0.owner=?
Hibernate: update token_entry te1_0 set timestamp=? where te1_0.processor_name=? and te1_0.segment=? and te1_0.owner=?
Hibernate: update token_entry te1_0 set timestamp=? where te1_0.processor_name=? and te1_0.segment=? and te1_0.owner=?
Hibernate: update token_entry te1_0 set timestamp=? where te1_0.processor_name=? and te1_0.segment=? and te1_0.owner=?
Hibernate: update token_entry te1_0 set timestamp=? where te1_0.processor_name=? and te1_0.segment=? and te1_0.owner=?
Hibernate: update token_entry te1_0 set timestamp=? where te1_0.processor_name=? and te1_0.segment=? and te1_0.owner=?
Hibernate: update token_entry te1_0 set timestamp=? where te1_0.processor_name=? and te1_0.segment=? and te1_0.owner=?
Hibernate: update token_entry te1_0 set timestamp=? where te1_0.processor_name=? and te1_0.segment=? and te1_0.owner=?
Hibernate: update token_entry te1_0 set timestamp=? where te1_0.processor_name=? and te1_0.segment=? and te1_0.owner=?
Hibernate: update token_entry te1_0 set timestamp=? where te1_0.processor_name=? and te1_0.segment=? and te1_0.owner=?
Hibernate: update token_entry te1_0 set timestamp=? where te1_0.processor_name=? and te1_0.segment=? and te1_0.owner=?
Hibernate: update token_entry te1_0 set timestamp=? where te1_0.processor_name=? and te1_0.segment=? and te1_0.owner=?
Hibernate: update token_entry te1_0 set timestamp=? where te1_0.processor_name=? and te1_0.segment=? and te1_0.owner=?
Hibernate: update token_entry te1_0 set timestamp=? where te1_0.processor_name=? and te1_0.segment=? and te1_0.owner=?
Hibernate: update token_entry te1_0 set timestamp=? where te1_0.processor_name=? and te1_0.segment=? and te1_0.owner=?
Hibernate: update token_entry te1_0 set timestamp=? where te1_0.processor_name=? and te1_0.segment=? and te1_0.owner=?
Hibernate: update token_entry te1_0 set timestamp=? where te1_0.processor_name=? and te1_0.segment=? and te1_0.owner=?
Hibernate: update token_entry te1_0 set timestamp=? where te1_0.processor_name=? and te1_0.segment=? and te1_0.owner=?
Hibernate: update token_entry te1_0 set timestamp=? where te1_0.processor_name=? and te1_0.segment=? and te1_0.owner=?
Hibernate: update token_entry te1_0 set timestamp=? where te1_0.processor_name=? and te1_0.segment=? and te1_0.owner=?
Hibernate: update token_entry te1_0 set timestamp=? where te1_0.processor_name=? and te1_0.segment=? and te1_0.owner=?
Hibernate: update token_entry te1_0 set timestamp=? where te1_0.processor_name=? and te1_0.segment=? and te1_0.owner=?
Hibernate: update token_entry te1_0 set timestamp=? where te1_0.processor_name=? and te1_0.segment=? and te1_0.owner=?
Hibernate: update token_entry te1_0 set timestamp=? where te1_0.processor_name=? and te1_0.segment=? and te1_0.owner=?
Hibernate: update token_entry te1_0 set timestamp=? where te1_0.processor_name=? and te1_0.segment=? and te1_0.owner=?
Hibernate: update token_entry te1_0 set timestamp=? where te1_0.processor_name=? and te1_0.segment=? and te1_0.owner=?
Hibernate: update token_entry te1_0 set timestamp=? where te1_0.processor_name=? and te1_0.segment=? and te1_0.owner=?
Hibernate: update token_entry te1_0 set timestamp=? where te1_0.processor_name=? and te1_0.segment=? and te1_0.owner=?
Hibernate: update token_entry te1_0 set timestamp=? where te1_0.processor_name=? and te1_0.segment=? and te1_0.owner=?
Hibernate: update token_entry te1_0 set timestamp=? where te1_0.processor_name=? and te1_0.segment=? and te1_0.owner=?
Hibernate: update token_entry te1_0 set timestamp=? where te1_0.processor_name=? and te1_0.segment=? and te1_0.owner=?
Hibernate: update token_entry te1_0 set timestamp=? where te1_0.processor_name=? and te1_0.segment=? and te1_0.owner=?
Hibernate: update token_entry te1_0 set timestamp=? where te1_0.processor_name=? and te1_0.segment=? and te1_0.owner=?
Hibernate: update token_entry te1_0 set timestamp=? where te1_0.processor_name=? and te1_0.segment=? and te1_0.owner=?
Hibernate: update token_entry te1_0 set timestamp=? where te1_0.processor_name=? and te1_0.segment=? and te1_0.owner=?
Hibernate: update token_entry te1_0 set timestamp=? where te1_0.processor_name=? and te1_0.segment=? and te1_0.owner=?
Hibernate: update token_entry te1_0 set timestamp=? where te1_0.processor_name=? and te1_0.segment=? and te1_0.owner=?
Hibernate: update token_entry te1_0 set timestamp=? where te1_0.processor_name=? and te1_0.segment=? and te1_0.owner=?
Hibernate: update token_entry te1_0 set timestamp=? where te1_0.processor_name=? and te1_0.segment=? and te1_0.owner=?
Hibernate: update token_entry te1_0 set timestamp=? where te1_0.processor_name=? and te1_0.segment=? and te1_0.owner=?
Hibernate: update token_entry te1_0 set timestamp=? where te1_0.processor_name=? and te1_0.segment=? and te1_0.owner=?
Hibernate: update token_entry te1_0 set timestamp=? where te1_0.processor_name=? and te1_0.segment=? and te1_0.owner=?
Hibernate: update token_entry te1_0 set timestamp=? where te1_0.processor_name=? and te1_0.segment=? and te1_0.owner=?
Hibernate: update token_entry te1_0 set timestamp=? where te1_0.processor_name=? and te1_0.segment=? and te1_0.owner=?
Hibernate: update token_entry te1_0 set timestamp=? where te1_0.processor_name=? and te1_0.segment=? and te1_0.owner=?
Hibernate: update token_entry te1_0 set timestamp=? where te1_0.processor_name=? and te1_0.segment=? and te1_0.owner=?
Hibernate: update token_entry te1_0 set timestamp=? where te1_0.processor_name=? and te1_0.segment=? and te1_0.owner=?
Hibernate: update token_entry te1_0 set timestamp=? where te1_0.processor_name=? and te1_0.segment=? and te1_0.owner=?
Hibernate: update token_entry te1_0 set timestamp=? where te1_0.processor_name=? and te1_0.segment=? and te1_0.owner=?
Hibernate: update token_entry te1_0 set timestamp=? where te1_0.processor_name=? and te1_0.segment=? and te1_0.owner=?
Hibernate: update token_entry te1_0 set timestamp=? where te1_0.processor_name=? and te1_0.segment=? and te1_0.owner=?
Hibernate: update token_entry te1_0 set timestamp=? where te1_0.processor_name=? and te1_0.segment=? and te1_0.owner=?
Hibernate: update token_entry te1_0 set timestamp=? where te1_0.processor_name=? and te1_0.segment=? and te1_0.owner=?
Hibernate: update token_entry te1_0 set timestamp=? where te1_0.processor_name=? and te1_0.segment=? and te1_0.owner=?
Hibernate: update token_entry te1_0 set timestamp=? where te1_0.processor_name=? and te1_0.segment=? and te1_0.owner=?
Hibernate: update token_entry te1_0 set timestamp=? where te1_0.processor_name=? and te1_0.segment=? and te1_0.owner=?
Hibernate: update token_entry te1_0 set timestamp=? where te1_0.processor_name=? and te1_0.segment=? and te1_0.owner=?
Hibernate: update token_entry te1_0 set timestamp=? where te1_0.processor_name=? and te1_0.segment=? and te1_0.owner=?
Hibernate: update token_entry te1_0 set timestamp=? where te1_0.processor_name=? and te1_0.segment=? and te1_0.owner=?
Hibernate: update token_entry te1_0 set timestamp=? where te1_0.processor_name=? and te1_0.segment=? and te1_0.owner=?
Hibernate: update token_entry te1_0 set timestamp=? where te1_0.processor_name=? and te1_0.segment=? and te1_0.owner=?
Hibernate: update token_entry te1_0 set timestamp=? where te1_0.processor_name=? and te1_0.segment=? and te1_0.owner=?
Hibernate: update token_entry te1_0 set timestamp=? where te1_0.processor_name=? and te1_0.segment=? and te1_0.owner=?
Hibernate: update token_entry te1_0 set timestamp=? where te1_0.processor_name=? and te1_0.segment=? and te1_0.owner=?
Hibernate: update token_entry te1_0 set timestamp=? where te1_0.processor_name=? and te1_0.segment=? and te1_0.owner=?
Hibernate: update token_entry te1_0 set timestamp=? where te1_0.processor_name=? and te1_0.segment=? and te1_0.owner=?
Hibernate: update token_entry te1_0 set timestamp=? where te1_0.processor_name=? and te1_0.segment=? and te1_0.owner=?
Hibernate: update token_entry te1_0 set timestamp=? where te1_0.processor_name=? and te1_0.segment=? and te1_0.owner=?
Hibernate: update token_entry te1_0 set timestamp=? where te1_0.processor_name=? and te1_0.segment=? and te1_0.owner=?
Hibernate: update token_entry te1_0 set timestamp=? where te1_0.processor_name=? and te1_0.segment=? and te1_0.owner=?
Hibernate: update token_entry te1_0 set timestamp=? where te1_0.processor_name=? and te1_0.segment=? and te1_0.owner=?
Hibernate: update token_entry te1_0 set timestamp=? where te1_0.processor_name=? and te1_0.segment=? and te1_0.owner=?
Hibernate: update token_entry te1_0 set timestamp=? where te1_0.processor_name=? and te1_0.segment=? and te1_0.owner=?
Hibernate: update token_entry te1_0 set timestamp=? where te1_0.processor_name=? and te1_0.segment=? and te1_0.owner=?
Hibernate: update token_entry te1_0 set timestamp=? where te1_0.processor_name=? and te1_0.segment=? and te1_0.owner=?
Hibernate: update token_entry te1_0 set timestamp=? where te1_0.processor_name=? and te1_0.segment=? and te1_0.owner=?
Hibernate: update token_entry te1_0 set timestamp=? where te1_0.processor_name=? and te1_0.segment=? and te1_0.owner=?
Hibernate: update token_entry te1_0 set timestamp=? where te1_0.processor_name=? and te1_0.segment=? and te1_0.owner=?
Hibernate: update token_entry te1_0 set timestamp=? where te1_0.processor_name=? and te1_0.segment=? and te1_0.owner=?
Hibernate: update token_entry te1_0 set timestamp=? where te1_0.processor_name=? and te1_0.segment=? and te1_0.owner=?
Hibernate: update token_entry te1_0 set timestamp=? where te1_0.processor_name=? and te1_0.segment=? and te1_0.owner=?
Hibernate: update token_entry te1_0 set timestamp=? where te1_0.processor_name=? and te1_0.segment=? and te1_0.owner=?
Hibernate: update token_entry te1_0 set timestamp=? where te1_0.processor_name=? and te1_0.segment=? and te1_0.owner=?
Hibernate: update token_entry te1_0 set timestamp=? where te1_0.processor_name=? and te1_0.segment=? and te1_0.owner=?
Hibernate: update token_entry te1_0 set timestamp=? where te1_0.processor_name=? and te1_0.segment=? and te1_0.owner=?
Hibernate: update token_entry te1_0 set timestamp=? where te1_0.processor_name=? and te1_0.segment=? and te1_0.owner=?
Hibernate: update token_entry te1_0 set timestamp=? where te1_0.processor_name=? and te1_0.segment=? and te1_0.owner=?
Hibernate: update token_entry te1_0 set timestamp=? where te1_0.processor_name=? and te1_0.segment=? and te1_0.owner=?
Hibernate: update token_entry te1_0 set timestamp=? where te1_0.processor_name=? and te1_0.segment=? and te1_0.owner=?
Hibernate: update token_entry te1_0 set timestamp=? where te1_0.processor_name=? and te1_0.segment=? and te1_0.owner=?
Hibernate: update token_entry te1_0 set timestamp=? where te1_0.processor_name=? and te1_0.segment=? and te1_0.owner=?
Hibernate: update token_entry te1_0 set timestamp=? where te1_0.processor_name=? and te1_0.segment=? and te1_0.owner=?
Hibernate: update token_entry te1_0 set timestamp=? where te1_0.processor_name=? and te1_0.segment=? and te1_0.owner=?
Hibernate: update token_entry te1_0 set timestamp=? where te1_0.processor_name=? and te1_0.segment=? and te1_0.owner=?
Hibernate: update token_entry te1_0 set timestamp=? where te1_0.processor_name=? and te1_0.segment=? and te1_0.owner=?
Hibernate: update token_entry te1_0 set timestamp=? where te1_0.processor_name=? and te1_0.segment=? and te1_0.owner=?
Hibernate: update token_entry te1_0 set timestamp=? where te1_0.processor_name=? and te1_0.segment=? and te1_0.owner=?
Hibernate: update token_entry te1_0 set timestamp=? where te1_0.processor_name=? and te1_0.segment=? and te1_0.owner=?
Hibernate: update token_entry te1_0 set timestamp=? where te1_0.processor_name=? and te1_0.segment=? and te1_0.owner=?
Hibernate: update token_entry te1_0 set timestamp=? where te1_0.processor_name=? and te1_0.segment=? and te1_0.owner=?
Hibernate: update token_entry te1_0 set timestamp=? where te1_0.processor_name=? and te1_0.segment=? and te1_0.owner=?
Hibernate: update token_entry te1_0 set timestamp=? where te1_0.processor_name=? and te1_0.segment=? and te1_0.owner=?
Hibernate: update token_entry te1_0 set timestamp=? where te1_0.processor_name=? and te1_0.segment=? and te1_0.owner=?
Hibernate: update token_entry te1_0 set timestamp=? where te1_0.processor_name=? and te1_0.segment=? and te1_0.owner=?
Hibernate: update token_entry te1_0 set timestamp=? where te1_0.processor_name=? and te1_0.segment=? and te1_0.owner=?
Hibernate: update token_entry te1_0 set timestamp=? where te1_0.processor_name=? and te1_0.segment=? and te1_0.owner=?
Hibernate: update token_entry te1_0 set timestamp=? where te1_0.processor_name=? and te1_0.segment=? and te1_0.owner=?
Hibernate: update token_entry te1_0 set timestamp=? where te1_0.processor_name=? and te1_0.segment=? and te1_0.owner=?
Hibernate: update token_entry te1_0 set timestamp=? where te1_0.processor_name=? and te1_0.segment=? and te1_0.owner=?
Hibernate: update token_entry te1_0 set timestamp=? where te1_0.processor_name=? and te1_0.segment=? and te1_0.owner=?
Hibernate: update token_entry te1_0 set timestamp=? where te1_0.processor_name=? and te1_0.segment=? and te1_0.owner=?
Hibernate: update token_entry te1_0 set timestamp=? where te1_0.processor_name=? and te1_0.segment=? and te1_0.owner=?
Hibernate: update token_entry te1_0 set timestamp=? where te1_0.processor_name=? and te1_0.segment=? and te1_0.owner=?
Hibernate: update token_entry te1_0 set timestamp=? where te1_0.processor_name=? and te1_0.segment=? and te1_0.owner=?
Hibernate: update token_entry te1_0 set timestamp=? where te1_0.processor_name=? and te1_0.segment=? and te1_0.owner=?
Hibernate: update token_entry te1_0 set timestamp=? where te1_0.processor_name=? and te1_0.segment=? and te1_0.owner=?
Hibernate: update token_entry te1_0 set timestamp=? where te1_0.processor_name=? and te1_0.segment=? and te1_0.owner=?
Hibernate: update token_entry te1_0 set timestamp=? where te1_0.processor_name=? and te1_0.segment=? and te1_0.owner=?
Hibernate: update token_entry te1_0 set timestamp=? where te1_0.processor_name=? and te1_0.segment=? and te1_0.owner=?
Hibernate: update token_entry te1_0 set timestamp=? where te1_0.processor_name=? and te1_0.segment=? and te1_0.owner=?
Hibernate: update token_entry te1_0 set timestamp=? where te1_0.processor_name=? and te1_0.segment=? and te1_0.owner=?
Hibernate: update token_entry te1_0 set timestamp=? where te1_0.processor_name=? and te1_0.segment=? and te1_0.owner=?
Hibernate: update token_entry te1_0 set timestamp=? where te1_0.processor_name=? and te1_0.segment=? and te1_0.owner=?
Hibernate: update token_entry te1_0 set timestamp=? where te1_0.processor_name=? and te1_0.segment=? and te1_0.owner=?
Hibernate: update token_entry te1_0 set timestamp=? where te1_0.processor_name=? and te1_0.segment=? and te1_0.owner=?
Hibernate: update token_entry te1_0 set timestamp=? where te1_0.processor_name=? and te1_0.segment=? and te1_0.owner=?
Hibernate: update token_entry te1_0 set timestamp=? where te1_0.processor_name=? and te1_0.segment=? and te1_0.owner=?
Hibernate: update token_entry te1_0 set timestamp=? where te1_0.processor_name=? and te1_0.segment=? and te1_0.owner=?
Hibernate: update token_entry te1_0 set timestamp=? where te1_0.processor_name=? and te1_0.segment=? and te1_0.owner=?
Hibernate: update token_entry te1_0 set timestamp=? where te1_0.processor_name=? and te1_0.segment=? and te1_0.owner=?
Hibernate: update token_entry te1_0 set timestamp=? where te1_0.processor_name=? and te1_0.segment=? and te1_0.owner=?
Hibernate: update token_entry te1_0 set timestamp=? where te1_0.processor_name=? and te1_0.segment=? and te1_0.owner=?
Hibernate: update token_entry te1_0 set timestamp=? where te1_0.processor_name=? and te1_0.segment=? and te1_0.owner=?
Hibernate: update token_entry te1_0 set timestamp=? where te1_0.processor_name=? and te1_0.segment=? and te1_0.owner=?
Hibernate: update token_entry te1_0 set timestamp=? where te1_0.processor_name=? and te1_0.segment=? and te1_0.owner=?
Hibernate: update token_entry te1_0 set timestamp=? where te1_0.processor_name=? and te1_0.segment=? and te1_0.owner=?
Hibernate: update token_entry te1_0 set timestamp=? where te1_0.processor_name=? and te1_0.segment=? and te1_0.owner=?
Hibernate: update token_entry te1_0 set timestamp=? where te1_0.processor_name=? and te1_0.segment=? and te1_0.owner=?
Hibernate: update token_entry te1_0 set timestamp=? where te1_0.processor_name=? and te1_0.segment=? and te1_0.owner=?
Hibernate: update token_entry te1_0 set timestamp=? where te1_0.processor_name=? and te1_0.segment=? and te1_0.owner=?
Hibernate: update token_entry te1_0 set timestamp=? where te1_0.processor_name=? and te1_0.segment=? and te1_0.owner=?
Hibernate: update token_entry te1_0 set timestamp=? where te1_0.processor_name=? and te1_0.segment=? and te1_0.owner=?
Hibernate: update token_entry te1_0 set timestamp=? where te1_0.processor_name=? and te1_0.segment=? and te1_0.owner=?
Hibernate: update token_entry te1_0 set timestamp=? where te1_0.processor_name=? and te1_0.segment=? and te1_0.owner=?
Hibernate: update token_entry te1_0 set timestamp=? where te1_0.processor_name=? and te1_0.segment=? and te1_0.owner=?
Hibernate: update token_entry te1_0 set timestamp=? where te1_0.processor_name=? and te1_0.segment=? and te1_0.owner=?
Hibernate: update token_entry te1_0 set timestamp=? where te1_0.processor_name=? and te1_0.segment=? and te1_0.owner=?
Hibernate: update token_entry te1_0 set timestamp=? where te1_0.processor_name=? and te1_0.segment=? and te1_0.owner=?
Hibernate: update token_entry te1_0 set timestamp=? where te1_0.processor_name=? and te1_0.segment=? and te1_0.owner=?
Hibernate: update token_entry te1_0 set timestamp=? where te1_0.processor_name=? and te1_0.segment=? and te1_0.owner=?
Hibernate: update token_entry te1_0 set timestamp=? where te1_0.processor_name=? and te1_0.segment=? and te1_0.owner=?
Hibernate: update token_entry te1_0 set timestamp=? where te1_0.processor_name=? and te1_0.segment=? and te1_0.owner=?
Hibernate: update token_entry te1_0 set timestamp=? where te1_0.processor_name=? and te1_0.segment=? and te1_0.owner=?
Hibernate: update token_entry te1_0 set timestamp=? where te1_0.processor_name=? and te1_0.segment=? and te1_0.owner=?
Hibernate: update token_entry te1_0 set timestamp=? where te1_0.processor_name=? and te1_0.segment=? and te1_0.owner=?
Hibernate: update token_entry te1_0 set timestamp=? where te1_0.processor_name=? and te1_0.segment=? and te1_0.owner=?
Hibernate: update token_entry te1_0 set timestamp=? where te1_0.processor_name=? and te1_0.segment=? and te1_0.owner=?
Hibernate: update token_entry te1_0 set timestamp=? where te1_0.processor_name=? and te1_0.segment=? and te1_0.owner=?
Hibernate: update token_entry te1_0 set timestamp=? where te1_0.processor_name=? and te1_0.segment=? and te1_0.owner=?
Hibernate: update token_entry te1_0 set timestamp=? where te1_0.processor_name=? and te1_0.segment=? and te1_0.owner=?
Hibernate: update token_entry te1_0 set timestamp=? where te1_0.processor_name=? and te1_0.segment=? and te1_0.owner=?
Hibernate: update token_entry te1_0 set timestamp=? where te1_0.processor_name=? and te1_0.segment=? and te1_0.owner=?
Hibernate: update token_entry te1_0 set timestamp=? where te1_0.processor_name=? and te1_0.segment=? and te1_0.owner=?
Hibernate: update token_entry te1_0 set timestamp=? where te1_0.processor_name=? and te1_0.segment=? and te1_0.owner=?
Hibernate: update token_entry te1_0 set timestamp=? where te1_0.processor_name=? and te1_0.segment=? and te1_0.owner=?
Hibernate: update token_entry te1_0 set timestamp=? where te1_0.processor_name=? and te1_0.segment=? and te1_0.owner=?
Hibernate: update token_entry te1_0 set timestamp=? where te1_0.processor_name=? and te1_0.segment=? and te1_0.owner=?
Hibernate: update token_entry te1_0 set timestamp=? where te1_0.processor_name=? and te1_0.segment=? and te1_0.owner=?
Hibernate: update token_entry te1_0 set timestamp=? where te1_0.processor_name=? and te1_0.segment=? and te1_0.owner=?
Hibernate: update token_entry te1_0 set timestamp=? where te1_0.processor_name=? and te1_0.segment=? and te1_0.owner=?
Hibernate: update token_entry te1_0 set timestamp=? where te1_0.processor_name=? and te1_0.segment=? and te1_0.owner=?
Hibernate: update token_entry te1_0 set timestamp=? where te1_0.processor_name=? and te1_0.segment=? and te1_0.owner=?
Hibernate: update token_entry te1_0 set timestamp=? where te1_0.processor_name=? and te1_0.segment=? and te1_0.owner=?
Hibernate: update token_entry te1_0 set timestamp=? where te1_0.processor_name=? and te1_0.segment=? and te1_0.owner=?
Hibernate: update token_entry te1_0 set timestamp=? where te1_0.processor_name=? and te1_0.segment=? and te1_0.owner=?
Hibernate: update token_entry te1_0 set timestamp=? where te1_0.processor_name=? and te1_0.segment=? and te1_0.owner=?
Hibernate: update token_entry te1_0 set timestamp=? where te1_0.processor_name=? and te1_0.segment=? and te1_0.owner=?
Hibernate: update token_entry te1_0 set timestamp=? where te1_0.processor_name=? and te1_0.segment=? and te1_0.owner=?
Hibernate: update token_entry te1_0 set timestamp=? where te1_0.processor_name=? and te1_0.segment=? and te1_0.owner=?
Hibernate: update token_entry te1_0 set timestamp=? where te1_0.processor_name=? and te1_0.segment=? and te1_0.owner=?
Hibernate: update token_entry te1_0 set timestamp=? where te1_0.processor_name=? and te1_0.segment=? and te1_0.owner=?
Hibernate: update token_entry te1_0 set timestamp=? where te1_0.processor_name=? and te1_0.segment=? and te1_0.owner=?
Hibernate: update token_entry te1_0 set timestamp=? where te1_0.processor_name=? and te1_0.segment=? and te1_0.owner=?
Hibernate: update token_entry te1_0 set timestamp=? where te1_0.processor_name=? and te1_0.segment=? and te1_0.owner=?
Hibernate: update token_entry te1_0 set timestamp=? where te1_0.processor_name=? and te1_0.segment=? and te1_0.owner=?
Hibernate: update token_entry te1_0 set timestamp=? where te1_0.processor_name=? and te1_0.segment=? and te1_0.owner=?
Hibernate: update token_entry te1_0 set timestamp=? where te1_0.processor_name=? and te1_0.segment=? and te1_0.owner=?
Hibernate: update token_entry te1_0 set timestamp=? where te1_0.processor_name=? and te1_0.segment=? and te1_0.owner=?
Hibernate: update token_entry te1_0 set timestamp=? where te1_0.processor_name=? and te1_0.segment=? and te1_0.owner=?
Hibernate: update token_entry te1_0 set timestamp=? where te1_0.processor_name=? and te1_0.segment=? and te1_0.owner=?
Hibernate: update token_entry te1_0 set timestamp=? where te1_0.processor_name=? and te1_0.segment=? and te1_0.owner=?
Hibernate: update token_entry te1_0 set timestamp=? where te1_0.processor_name=? and te1_0.segment=? and te1_0.owner=?
Hibernate: update token_entry te1_0 set timestamp=? where te1_0.processor_name=? and te1_0.segment=? and te1_0.owner=?
Hibernate: update token_entry te1_0 set timestamp=? where te1_0.processor_name=? and te1_0.segment=? and te1_0.owner=?
Hibernate: update token_entry te1_0 set timestamp=? where te1_0.processor_name=? and te1_0.segment=? and te1_0.owner=?
Hibernate: update token_entry te1_0 set timestamp=? where te1_0.processor_name=? and te1_0.segment=? and te1_0.owner=?
Hibernate: update token_entry te1_0 set timestamp=? where te1_0.processor_name=? and te1_0.segment=? and te1_0.owner=?
Hibernate: update token_entry te1_0 set timestamp=? where te1_0.processor_name=? and te1_0.segment=? and te1_0.owner=?
Hibernate: update token_entry te1_0 set timestamp=? where te1_0.processor_name=? and te1_0.segment=? and te1_0.owner=?
Hibernate: update token_entry te1_0 set timestamp=? where te1_0.processor_name=? and te1_0.segment=? and te1_0.owner=?
Hibernate: update token_entry te1_0 set timestamp=? where te1_0.processor_name=? and te1_0.segment=? and te1_0.owner=?
Hibernate: update token_entry te1_0 set timestamp=? where te1_0.processor_name=? and te1_0.segment=? and te1_0.owner=?
Hibernate: update token_entry te1_0 set timestamp=? where te1_0.processor_name=? and te1_0.segment=? and te1_0.owner=?
Hibernate: update token_entry te1_0 set timestamp=? where te1_0.processor_name=? and te1_0.segment=? and te1_0.owner=?
Hibernate: update token_entry te1_0 set timestamp=? where te1_0.processor_name=? and te1_0.segment=? and te1_0.owner=?
Hibernate: update token_entry te1_0 set timestamp=? where te1_0.processor_name=? and te1_0.segment=? and te1_0.owner=?
Hibernate: update token_entry te1_0 set timestamp=? where te1_0.processor_name=? and te1_0.segment=? and te1_0.owner=?
Hibernate: update token_entry te1_0 set timestamp=? where te1_0.processor_name=? and te1_0.segment=? and te1_0.owner=?
Hibernate: update token_entry te1_0 set timestamp=? where te1_0.processor_name=? and te1_0.segment=? and te1_0.owner=?
Hibernate: update token_entry te1_0 set timestamp=? where te1_0.processor_name=? and te1_0.segment=? and te1_0.owner=?
Hibernate: update token_entry te1_0 set timestamp=? where te1_0.processor_name=? and te1_0.segment=? and te1_0.owner=?
Hibernate: update token_entry te1_0 set timestamp=? where te1_0.processor_name=? and te1_0.segment=? and te1_0.owner=?
Hibernate: update token_entry te1_0 set timestamp=? where te1_0.processor_name=? and te1_0.segment=? and te1_0.owner=?
Hibernate: update token_entry te1_0 set timestamp=? where te1_0.processor_name=? and te1_0.segment=? and te1_0.owner=?
Hibernate: update token_entry te1_0 set timestamp=? where te1_0.processor_name=? and te1_0.segment=? and te1_0.owner=?
Hibernate: update token_entry te1_0 set timestamp=? where te1_0.processor_name=? and te1_0.segment=? and te1_0.owner=?
Hibernate: update token_entry te1_0 set timestamp=? where te1_0.processor_name=? and te1_0.segment=? and te1_0.owner=?
Hibernate: update token_entry te1_0 set timestamp=? where te1_0.processor_name=? and te1_0.segment=? and te1_0.owner=?
Hibernate: update token_entry te1_0 set timestamp=? where te1_0.processor_name=? and te1_0.segment=? and te1_0.owner=?
Hibernate: update token_entry te1_0 set timestamp=? where te1_0.processor_name=? and te1_0.segment=? and te1_0.owner=?
Hibernate: update token_entry te1_0 set timestamp=? where te1_0.processor_name=? and te1_0.segment=? and te1_0.owner=?
Hibernate: update token_entry te1_0 set timestamp=? where te1_0.processor_name=? and te1_0.segment=? and te1_0.owner=?
Hibernate: update token_entry te1_0 set timestamp=? where te1_0.processor_name=? and te1_0.segment=? and te1_0.owner=?
Hibernate: update token_entry te1_0 set timestamp=? where te1_0.processor_name=? and te1_0.segment=? and te1_0.owner=?
Hibernate: update token_entry te1_0 set timestamp=? where te1_0.processor_name=? and te1_0.segment=? and te1_0.owner=?
Hibernate: update token_entry te1_0 set timestamp=? where te1_0.processor_name=? and te1_0.segment=? and te1_0.owner=?
Hibernate: update token_entry te1_0 set timestamp=? where te1_0.processor_name=? and te1_0.segment=? and te1_0.owner=?
Hibernate: update token_entry te1_0 set timestamp=? where te1_0.processor_name=? and te1_0.segment=? and te1_0.owner=?
Hibernate: update token_entry te1_0 set timestamp=? where te1_0.processor_name=? and te1_0.segment=? and te1_0.owner=?
Hibernate: update token_entry te1_0 set timestamp=? where te1_0.processor_name=? and te1_0.segment=? and te1_0.owner=?
Hibernate: update token_entry te1_0 set timestamp=? where te1_0.processor_name=? and te1_0.segment=? and te1_0.owner=?
Hibernate: update token_entry te1_0 set timestamp=? where te1_0.processor_name=? and te1_0.segment=? and te1_0.owner=?
Hibernate: update token_entry te1_0 set timestamp=? where te1_0.processor_name=? and te1_0.segment=? and te1_0.owner=?
Hibernate: update token_entry te1_0 set timestamp=? where te1_0.processor_name=? and te1_0.segment=? and te1_0.owner=?
Hibernate: update token_entry te1_0 set timestamp=? where te1_0.processor_name=? and te1_0.segment=? and te1_0.owner=?
Hibernate: update token_entry te1_0 set timestamp=? where te1_0.processor_name=? and te1_0.segment=? and te1_0.owner=?
Hibernate: update token_entry te1_0 set timestamp=? where te1_0.processor_name=? and te1_0.segment=? and te1_0.owner=?
Hibernate: update token_entry te1_0 set timestamp=? where te1_0.processor_name=? and te1_0.segment=? and te1_0.owner=?
Hibernate: update token_entry te1_0 set timestamp=? where te1_0.processor_name=? and te1_0.segment=? and te1_0.owner=?
Hibernate: update token_entry te1_0 set timestamp=? where te1_0.processor_name=? and te1_0.segment=? and te1_0.owner=?
Hibernate: update token_entry te1_0 set timestamp=? where te1_0.processor_name=? and te1_0.segment=? and te1_0.owner=?
Hibernate: update token_entry te1_0 set timestamp=? where te1_0.processor_name=? and te1_0.segment=? and te1_0.owner=?
Hibernate: update token_entry te1_0 set timestamp=? where te1_0.processor_name=? and te1_0.segment=? and te1_0.owner=?
Hibernate: update token_entry te1_0 set timestamp=? where te1_0.processor_name=? and te1_0.segment=? and te1_0.owner=?
Hibernate: update token_entry te1_0 set timestamp=? where te1_0.processor_name=? and te1_0.segment=? and te1_0.owner=?
Hibernate: update token_entry te1_0 set timestamp=? where te1_0.processor_name=? and te1_0.segment=? and te1_0.owner=?
Hibernate: update token_entry te1_0 set timestamp=? where te1_0.processor_name=? and te1_0.segment=? and te1_0.owner=?
Hibernate: update token_entry te1_0 set timestamp=? where te1_0.processor_name=? and te1_0.segment=? and te1_0.owner=?
Hibernate: update token_entry te1_0 set timestamp=? where te1_0.processor_name=? and te1_0.segment=? and te1_0.owner=?
Hibernate: update token_entry te1_0 set timestamp=? where te1_0.processor_name=? and te1_0.segment=? and te1_0.owner=?
Hibernate: update token_entry te1_0 set timestamp=? where te1_0.processor_name=? and te1_0.segment=? and te1_0.owner=?
Hibernate: update token_entry te1_0 set timestamp=? where te1_0.processor_name=? and te1_0.segment=? and te1_0.owner=?
Hibernate: update token_entry te1_0 set timestamp=? where te1_0.processor_name=? and te1_0.segment=? and te1_0.owner=?
Hibernate: update token_entry te1_0 set timestamp=? where te1_0.processor_name=? and te1_0.segment=? and te1_0.owner=?
Hibernate: update token_entry te1_0 set timestamp=? where te1_0.processor_name=? and te1_0.segment=? and te1_0.owner=?
Hibernate: update token_entry te1_0 set timestamp=? where te1_0.processor_name=? and te1_0.segment=? and te1_0.owner=?
Hibernate: update token_entry te1_0 set timestamp=? where te1_0.processor_name=? and te1_0.segment=? and te1_0.owner=?
Hibernate: update token_entry te1_0 set timestamp=? where te1_0.processor_name=? and te1_0.segment=? and te1_0.owner=?
Hibernate: update token_entry te1_0 set timestamp=? where te1_0.processor_name=? and te1_0.segment=? and te1_0.owner=?
Hibernate: update token_entry te1_0 set timestamp=? where te1_0.processor_name=? and te1_0.segment=? and te1_0.owner=?
Hibernate: update token_entry te1_0 set timestamp=? where te1_0.processor_name=? and te1_0.segment=? and te1_0.owner=?
Hibernate: update token_entry te1_0 set timestamp=? where te1_0.processor_name=? and te1_0.segment=? and te1_0.owner=?
Hibernate: update token_entry te1_0 set timestamp=? where te1_0.processor_name=? and te1_0.segment=? and te1_0.owner=?
Hibernate: update token_entry te1_0 set timestamp=? where te1_0.processor_name=? and te1_0.segment=? and te1_0.owner=?
Hibernate: update token_entry te1_0 set timestamp=? where te1_0.processor_name=? and te1_0.segment=? and te1_0.owner=?
Hibernate: update token_entry te1_0 set timestamp=? where te1_0.processor_name=? and te1_0.segment=? and te1_0.owner=?
Hibernate: update token_entry te1_0 set timestamp=? where te1_0.processor_name=? and te1_0.segment=? and te1_0.owner=?
Hibernate: update token_entry te1_0 set timestamp=? where te1_0.processor_name=? and te1_0.segment=? and te1_0.owner=?
Hibernate: update token_entry te1_0 set timestamp=? where te1_0.processor_name=? and te1_0.segment=? and te1_0.owner=?
Hibernate: update token_entry te1_0 set timestamp=? where te1_0.processor_name=? and te1_0.segment=? and te1_0.owner=?
Hibernate: update token_entry te1_0 set timestamp=? where te1_0.processor_name=? and te1_0.segment=? and te1_0.owner=?
Hibernate: update token_entry te1_0 set timestamp=? where te1_0.processor_name=? and te1_0.segment=? and te1_0.owner=?
Hibernate: update token_entry te1_0 set timestamp=? where te1_0.processor_name=? and te1_0.segment=? and te1_0.owner=?
Hibernate: update token_entry te1_0 set timestamp=? where te1_0.processor_name=? and te1_0.segment=? and te1_0.owner=?
Hibernate: update token_entry te1_0 set timestamp=? where te1_0.processor_name=? and te1_0.segment=? and te1_0.owner=?
Hibernate: update token_entry te1_0 set timestamp=? where te1_0.processor_name=? and te1_0.segment=? and te1_0.owner=?
Hibernate: update token_entry te1_0 set timestamp=? where te1_0.processor_name=? and te1_0.segment=? and te1_0.owner=?
Hibernate: update token_entry te1_0 set timestamp=? where te1_0.processor_name=? and te1_0.segment=? and te1_0.owner=?
Hibernate: update token_entry te1_0 set timestamp=? where te1_0.processor_name=? and te1_0.segment=? and te1_0.owner=?
Hibernate: update token_entry te1_0 set timestamp=? where te1_0.processor_name=? and te1_0.segment=? and te1_0.owner=?
Hibernate: update token_entry te1_0 set timestamp=? where te1_0.processor_name=? and te1_0.segment=? and te1_0.owner=?
Hibernate: update token_entry te1_0 set timestamp=? where te1_0.processor_name=? and te1_0.segment=? and te1_0.owner=?
Hibernate: update token_entry te1_0 set timestamp=? where te1_0.processor_name=? and te1_0.segment=? and te1_0.owner=?
Hibernate: update token_entry te1_0 set timestamp=? where te1_0.processor_name=? and te1_0.segment=? and te1_0.owner=?
Hibernate: update token_entry te1_0 set timestamp=? where te1_0.processor_name=? and te1_0.segment=? and te1_0.owner=?
Hibernate: update token_entry te1_0 set timestamp=? where te1_0.processor_name=? and te1_0.segment=? and te1_0.owner=?
Hibernate: update token_entry te1_0 set timestamp=? where te1_0.processor_name=? and te1_0.segment=? and te1_0.owner=?
Hibernate: update token_entry te1_0 set timestamp=? where te1_0.processor_name=? and te1_0.segment=? and te1_0.owner=?
Hibernate: update token_entry te1_0 set timestamp=? where te1_0.processor_name=? and te1_0.segment=? and te1_0.owner=?
Hibernate: update token_entry te1_0 set timestamp=? where te1_0.processor_name=? and te1_0.segment=? and te1_0.owner=?
Hibernate: update token_entry te1_0 set timestamp=? where te1_0.processor_name=? and te1_0.segment=? and te1_0.owner=?
Hibernate: update token_entry te1_0 set timestamp=? where te1_0.processor_name=? and te1_0.segment=? and te1_0.owner=?
Hibernate: update token_entry te1_0 set timestamp=? where te1_0.processor_name=? and te1_0.segment=? and te1_0.owner=?
Hibernate: update token_entry te1_0 set timestamp=? where te1_0.processor_name=? and te1_0.segment=? and te1_0.owner=?
Hibernate: update token_entry te1_0 set timestamp=? where te1_0.processor_name=? and te1_0.segment=? and te1_0.owner=?
Hibernate: update token_entry te1_0 set timestamp=? where te1_0.processor_name=? and te1_0.segment=? and te1_0.owner=?
Hibernate: update token_entry te1_0 set timestamp=? where te1_0.processor_name=? and te1_0.segment=? and te1_0.owner=?
Hibernate: update token_entry te1_0 set timestamp=? where te1_0.processor_name=? and te1_0.segment=? and te1_0.owner=?
Hibernate: update token_entry te1_0 set timestamp=? where te1_0.processor_name=? and te1_0.segment=? and te1_0.owner=?
Hibernate: update token_entry te1_0 set timestamp=? where te1_0.processor_name=? and te1_0.segment=? and te1_0.owner=?
Hibernate: update token_entry te1_0 set timestamp=? where te1_0.processor_name=? and te1_0.segment=? and te1_0.owner=?
Hibernate: update token_entry te1_0 set timestamp=? where te1_0.processor_name=? and te1_0.segment=? and te1_0.owner=?
Hibernate: update token_entry te1_0 set timestamp=? where te1_0.processor_name=? and te1_0.segment=? and te1_0.owner=?
Hibernate: update token_entry te1_0 set timestamp=? where te1_0.processor_name=? and te1_0.segment=? and te1_0.owner=?
Hibernate: update token_entry te1_0 set timestamp=? where te1_0.processor_name=? and te1_0.segment=? and te1_0.owner=?
Hibernate: update token_entry te1_0 set timestamp=? where te1_0.processor_name=? and te1_0.segment=? and te1_0.owner=?
Hibernate: update token_entry te1_0 set timestamp=? where te1_0.processor_name=? and te1_0.segment=? and te1_0.owner=?
Hibernate: update token_entry te1_0 set timestamp=? where te1_0.processor_name=? and te1_0.segment=? and te1_0.owner=?
Hibernate: update token_entry te1_0 set timestamp=? where te1_0.processor_name=? and te1_0.segment=? and te1_0.owner=?
Hibernate: update token_entry te1_0 set timestamp=? where te1_0.processor_name=? and te1_0.segment=? and te1_0.owner=?
Hibernate: update token_entry te1_0 set timestamp=? where te1_0.processor_name=? and te1_0.segment=? and te1_0.owner=?
Hibernate: update token_entry te1_0 set timestamp=? where te1_0.processor_name=? and te1_0.segment=? and te1_0.owner=?
Hibernate: update token_entry te1_0 set timestamp=? where te1_0.processor_name=? and te1_0.segment=? and te1_0.owner=?
Hibernate: update token_entry te1_0 set timestamp=? where te1_0.processor_name=? and te1_0.segment=? and te1_0.owner=?
Hibernate: update token_entry te1_0 set timestamp=? where te1_0.processor_name=? and te1_0.segment=? and te1_0.owner=?
Hibernate: update token_entry te1_0 set timestamp=? where te1_0.processor_name=? and te1_0.segment=? and te1_0.owner=?
Hibernate: update token_entry te1_0 set timestamp=? where te1_0.processor_name=? and te1_0.segment=? and te1_0.owner=?
Hibernate: update token_entry te1_0 set timestamp=? where te1_0.processor_name=? and te1_0.segment=? and te1_0.owner=?
Hibernate: update token_entry te1_0 set timestamp=? where te1_0.processor_name=? and te1_0.segment=? and te1_0.owner=?
Hibernate: update token_entry te1_0 set timestamp=? where te1_0.processor_name=? and te1_0.segment=? and te1_0.owner=?
Hibernate: update token_entry te1_0 set timestamp=? where te1_0.processor_name=? and te1_0.segment=? and te1_0.owner=?
Hibernate: update token_entry te1_0 set timestamp=? where te1_0.processor_name=? and te1_0.segment=? and te1_0.owner=?
Hibernate: update token_entry te1_0 set timestamp=? where te1_0.processor_name=? and te1_0.segment=? and te1_0.owner=?
Hibernate: update token_entry te1_0 set timestamp=? where te1_0.processor_name=? and te1_0.segment=? and te1_0.owner=?
Hibernate: update token_entry te1_0 set timestamp=? where te1_0.processor_name=? and te1_0.segment=? and te1_0.owner=?
Hibernate: update token_entry te1_0 set timestamp=? where te1_0.processor_name=? and te1_0.segment=? and te1_0.owner=?
Hibernate: update token_entry te1_0 set timestamp=? where te1_0.processor_name=? and te1_0.segment=? and te1_0.owner=?
Hibernate: update token_entry te1_0 set timestamp=? where te1_0.processor_name=? and te1_0.segment=? and te1_0.owner=?
Hibernate: update token_entry te1_0 set timestamp=? where te1_0.processor_name=? and te1_0.segment=? and te1_0.owner=?
Hibernate: update token_entry te1_0 set timestamp=? where te1_0.processor_name=? and te1_0.segment=? and te1_0.owner=?
Hibernate: update token_entry te1_0 set timestamp=? where te1_0.processor_name=? and te1_0.segment=? and te1_0.owner=?
Hibernate: update token_entry te1_0 set timestamp=? where te1_0.processor_name=? and te1_0.segment=? and te1_0.owner=?
Hibernate: update token_entry te1_0 set timestamp=? where te1_0.processor_name=? and te1_0.segment=? and te1_0.owner=?
Hibernate: update token_entry te1_0 set timestamp=? where te1_0.processor_name=? and te1_0.segment=? and te1_0.owner=?
Hibernate: update token_entry te1_0 set timestamp=? where te1_0.processor_name=? and te1_0.segment=? and te1_0.owner=?
Hibernate: update token_entry te1_0 set timestamp=? where te1_0.processor_name=? and te1_0.segment=? and te1_0.owner=?
Hibernate: update token_entry te1_0 set timestamp=? where te1_0.processor_name=? and te1_0.segment=? and te1_0.owner=?
Hibernate: update token_entry te1_0 set timestamp=? where te1_0.processor_name=? and te1_0.segment=? and te1_0.owner=?
Hibernate: update token_entry te1_0 set timestamp=? where te1_0.processor_name=? and te1_0.segment=? and te1_0.owner=?
Hibernate: update token_entry te1_0 set timestamp=? where te1_0.processor_name=? and te1_0.segment=? and te1_0.owner=?
Hibernate: update token_entry te1_0 set timestamp=? where te1_0.processor_name=? and te1_0.segment=? and te1_0.owner=?
Hibernate: update token_entry te1_0 set timestamp=? where te1_0.processor_name=? and te1_0.segment=? and te1_0.owner=?
Hibernate: update token_entry te1_0 set timestamp=? where te1_0.processor_name=? and te1_0.segment=? and te1_0.owner=?
Hibernate: update token_entry te1_0 set timestamp=? where te1_0.processor_name=? and te1_0.segment=? and te1_0.owner=?
Hibernate: update token_entry te1_0 set timestamp=? where te1_0.processor_name=? and te1_0.segment=? and te1_0.owner=?
Hibernate: update token_entry te1_0 set timestamp=? where te1_0.processor_name=? and te1_0.segment=? and te1_0.owner=?
Hibernate: update token_entry te1_0 set timestamp=? where te1_0.processor_name=? and te1_0.segment=? and te1_0.owner=?
Hibernate: update token_entry te1_0 set timestamp=? where te1_0.processor_name=? and te1_0.segment=? and te1_0.owner=?
Hibernate: update token_entry te1_0 set timestamp=? where te1_0.processor_name=? and te1_0.segment=? and te1_0.owner=?
Hibernate: update token_entry te1_0 set timestamp=? where te1_0.processor_name=? and te1_0.segment=? and te1_0.owner=?
Hibernate: update token_entry te1_0 set timestamp=? where te1_0.processor_name=? and te1_0.segment=? and te1_0.owner=?
Hibernate: update token_entry te1_0 set timestamp=? where te1_0.processor_name=? and te1_0.segment=? and te1_0.owner=?
Hibernate: update token_entry te1_0 set timestamp=? where te1_0.processor_name=? and te1_0.segment=? and te1_0.owner=?
Hibernate: update token_entry te1_0 set timestamp=? where te1_0.processor_name=? and te1_0.segment=? and te1_0.owner=?
Hibernate: update token_entry te1_0 set timestamp=? where te1_0.processor_name=? and te1_0.segment=? and te1_0.owner=?
Hibernate: update token_entry te1_0 set timestamp=? where te1_0.processor_name=? and te1_0.segment=? and te1_0.owner=?
Hibernate: update token_entry te1_0 set timestamp=? where te1_0.processor_name=? and te1_0.segment=? and te1_0.owner=?
Hibernate: update token_entry te1_0 set timestamp=? where te1_0.processor_name=? and te1_0.segment=? and te1_0.owner=?
Hibernate: update token_entry te1_0 set timestamp=? where te1_0.processor_name=? and te1_0.segment=? and te1_0.owner=?
Hibernate: update token_entry te1_0 set timestamp=? where te1_0.processor_name=? and te1_0.segment=? and te1_0.owner=?
Hibernate: update token_entry te1_0 set timestamp=? where te1_0.processor_name=? and te1_0.segment=? and te1_0.owner=?
Hibernate: update token_entry te1_0 set timestamp=? where te1_0.processor_name=? and te1_0.segment=? and te1_0.owner=?
Hibernate: update token_entry te1_0 set timestamp=? where te1_0.processor_name=? and te1_0.segment=? and te1_0.owner=?
Hibernate: update token_entry te1_0 set timestamp=? where te1_0.processor_name=? and te1_0.segment=? and te1_0.owner=?
Hibernate: update token_entry te1_0 set timestamp=? where te1_0.processor_name=? and te1_0.segment=? and te1_0.owner=?
Hibernate: update token_entry te1_0 set timestamp=? where te1_0.processor_name=? and te1_0.segment=? and te1_0.owner=?
Hibernate: update token_entry te1_0 set timestamp=? where te1_0.processor_name=? and te1_0.segment=? and te1_0.owner=?
Hibernate: update token_entry te1_0 set timestamp=? where te1_0.processor_name=? and te1_0.segment=? and te1_0.owner=?
Hibernate: update token_entry te1_0 set timestamp=? where te1_0.processor_name=? and te1_0.segment=? and te1_0.owner=?
Hibernate: update token_entry te1_0 set timestamp=? where te1_0.processor_name=? and te1_0.segment=? and te1_0.owner=?
Hibernate: update token_entry te1_0 set timestamp=? where te1_0.processor_name=? and te1_0.segment=? and te1_0.owner=?
Hibernate: update token_entry te1_0 set timestamp=? where te1_0.processor_name=? and te1_0.segment=? and te1_0.owner=?
Hibernate: update token_entry te1_0 set timestamp=? where te1_0.processor_name=? and te1_0.segment=? and te1_0.owner=?
Hibernate: update token_entry te1_0 set timestamp=? where te1_0.processor_name=? and te1_0.segment=? and te1_0.owner=?
Hibernate: update token_entry te1_0 set timestamp=? where te1_0.processor_name=? and te1_0.segment=? and te1_0.owner=?
Hibernate: update token_entry te1_0 set timestamp=? where te1_0.processor_name=? and te1_0.segment=? and te1_0.owner=?
Hibernate: update token_entry te1_0 set timestamp=? where te1_0.processor_name=? and te1_0.segment=? and te1_0.owner=?
Hibernate: update token_entry te1_0 set timestamp=? where te1_0.processor_name=? and te1_0.segment=? and te1_0.owner=?
Hibernate: update token_entry te1_0 set timestamp=? where te1_0.processor_name=? and te1_0.segment=? and te1_0.owner=?
Hibernate: update token_entry te1_0 set timestamp=? where te1_0.processor_name=? and te1_0.segment=? and te1_0.owner=?
Hibernate: update token_entry te1_0 set timestamp=? where te1_0.processor_name=? and te1_0.segment=? and te1_0.owner=?
Hibernate: update token_entry te1_0 set timestamp=? where te1_0.processor_name=? and te1_0.segment=? and te1_0.owner=?
Hibernate: update token_entry te1_0 set timestamp=? where te1_0.processor_name=? and te1_0.segment=? and te1_0.owner=?
Hibernate: update token_entry te1_0 set timestamp=? where te1_0.processor_name=? and te1_0.segment=? and te1_0.owner=?
Hibernate: update token_entry te1_0 set timestamp=? where te1_0.processor_name=? and te1_0.segment=? and te1_0.owner=?
Hibernate: update token_entry te1_0 set timestamp=? where te1_0.processor_name=? and te1_0.segment=? and te1_0.owner=?
Hibernate: update token_entry te1_0 set timestamp=? where te1_0.processor_name=? and te1_0.segment=? and te1_0.owner=?
Hibernate: update token_entry te1_0 set timestamp=? where te1_0.processor_name=? and te1_0.segment=? and te1_0.owner=?
Hibernate: update token_entry te1_0 set timestamp=? where te1_0.processor_name=? and te1_0.segment=? and te1_0.owner=?
Hibernate: update token_entry te1_0 set timestamp=? where te1_0.processor_name=? and te1_0.segment=? and te1_0.owner=?
Hibernate: update token_entry te1_0 set timestamp=? where te1_0.processor_name=? and te1_0.segment=? and te1_0.owner=?
Hibernate: update token_entry te1_0 set timestamp=? where te1_0.processor_name=? and te1_0.segment=? and te1_0.owner=?
Hibernate: update token_entry te1_0 set timestamp=? where te1_0.processor_name=? and te1_0.segment=? and te1_0.owner=?
Hibernate: update token_entry te1_0 set timestamp=? where te1_0.processor_name=? and te1_0.segment=? and te1_0.owner=?
Hibernate: update token_entry te1_0 set timestamp=? where te1_0.processor_name=? and te1_0.segment=? and te1_0.owner=?
Hibernate: update token_entry te1_0 set timestamp=? where te1_0.processor_name=? and te1_0.segment=? and te1_0.owner=?
Hibernate: update token_entry te1_0 set timestamp=? where te1_0.processor_name=? and te1_0.segment=? and te1_0.owner=?
Hibernate: update token_entry te1_0 set timestamp=? where te1_0.processor_name=? and te1_0.segment=? and te1_0.owner=?
Hibernate: update token_entry te1_0 set timestamp=? where te1_0.processor_name=? and te1_0.segment=? and te1_0.owner=?
Hibernate: update token_entry te1_0 set timestamp=? where te1_0.processor_name=? and te1_0.segment=? and te1_0.owner=?
Hibernate: update token_entry te1_0 set timestamp=? where te1_0.processor_name=? and te1_0.segment=? and te1_0.owner=?
Hibernate: update token_entry te1_0 set timestamp=? where te1_0.processor_name=? and te1_0.segment=? and te1_0.owner=?
Hibernate: update token_entry te1_0 set timestamp=? where te1_0.processor_name=? and te1_0.segment=? and te1_0.owner=?
Hibernate: update token_entry te1_0 set timestamp=? where te1_0.processor_name=? and te1_0.segment=? and te1_0.owner=?
Hibernate: update token_entry te1_0 set timestamp=? where te1_0.processor_name=? and te1_0.segment=? and te1_0.owner=?
Hibernate: update token_entry te1_0 set timestamp=? where te1_0.processor_name=? and te1_0.segment=? and te1_0.owner=?
Hibernate: update token_entry te1_0 set timestamp=? where te1_0.processor_name=? and te1_0.segment=? and te1_0.owner=?
Hibernate: update token_entry te1_0 set timestamp=? where te1_0.processor_name=? and te1_0.segment=? and te1_0.owner=?
Hibernate: update token_entry te1_0 set timestamp=? where te1_0.processor_name=? and te1_0.segment=? and te1_0.owner=?
Hibernate: update token_entry te1_0 set timestamp=? where te1_0.processor_name=? and te1_0.segment=? and te1_0.owner=?
Hibernate: update token_entry te1_0 set timestamp=? where te1_0.processor_name=? and te1_0.segment=? and te1_0.owner=?
Hibernate: update token_entry te1_0 set timestamp=? where te1_0.processor_name=? and te1_0.segment=? and te1_0.owner=?
Hibernate: update token_entry te1_0 set timestamp=? where te1_0.processor_name=? and te1_0.segment=? and te1_0.owner=?
Hibernate: update token_entry te1_0 set timestamp=? where te1_0.processor_name=? and te1_0.segment=? and te1_0.owner=?
Hibernate: update token_entry te1_0 set timestamp=? where te1_0.processor_name=? and te1_0.segment=? and te1_0.owner=?
Hibernate: update token_entry te1_0 set timestamp=? where te1_0.processor_name=? and te1_0.segment=? and te1_0.owner=?
Hibernate: update token_entry te1_0 set timestamp=? where te1_0.processor_name=? and te1_0.segment=? and te1_0.owner=?
Hibernate: update token_entry te1_0 set timestamp=? where te1_0.processor_name=? and te1_0.segment=? and te1_0.owner=?
Hibernate: update token_entry te1_0 set timestamp=? where te1_0.processor_name=? and te1_0.segment=? and te1_0.owner=?
Hibernate: update token_entry te1_0 set timestamp=? where te1_0.processor_name=? and te1_0.segment=? and te1_0.owner=?
Hibernate: update token_entry te1_0 set timestamp=? where te1_0.processor_name=? and te1_0.segment=? and te1_0.owner=?
Hibernate: update token_entry te1_0 set timestamp=? where te1_0.processor_name=? and te1_0.segment=? and te1_0.owner=?
Hibernate: update token_entry te1_0 set timestamp=? where te1_0.processor_name=? and te1_0.segment=? and te1_0.owner=?
Hibernate: update token_entry te1_0 set timestamp=? where te1_0.processor_name=? and te1_0.segment=? and te1_0.owner=?
Hibernate: update token_entry te1_0 set timestamp=? where te1_0.processor_name=? and te1_0.segment=? and te1_0.owner=?
Hibernate: update token_entry te1_0 set timestamp=? where te1_0.processor_name=? and te1_0.segment=? and te1_0.owner=?
Hibernate: update token_entry te1_0 set timestamp=? where te1_0.processor_name=? and te1_0.segment=? and te1_0.owner=?
Hibernate: update token_entry te1_0 set timestamp=? where te1_0.processor_name=? and te1_0.segment=? and te1_0.owner=?
Hibernate: update token_entry te1_0 set timestamp=? where te1_0.processor_name=? and te1_0.segment=? and te1_0.owner=?
Hibernate: update token_entry te1_0 set timestamp=? where te1_0.processor_name=? and te1_0.segment=? and te1_0.owner=?
Hibernate: update token_entry te1_0 set timestamp=? where te1_0.processor_name=? and te1_0.segment=? and te1_0.owner=?
Hibernate: update token_entry te1_0 set timestamp=? where te1_0.processor_name=? and te1_0.segment=? and te1_0.owner=?
Hibernate: update token_entry te1_0 set timestamp=? where te1_0.processor_name=? and te1_0.segment=? and te1_0.owner=?
Hibernate: update token_entry te1_0 set timestamp=? where te1_0.processor_name=? and te1_0.segment=? and te1_0.owner=?
Hibernate: update token_entry te1_0 set timestamp=? where te1_0.processor_name=? and te1_0.segment=? and te1_0.owner=?
Hibernate: update token_entry te1_0 set timestamp=? where te1_0.processor_name=? and te1_0.segment=? and te1_0.owner=?
Hibernate: update token_entry te1_0 set timestamp=? where te1_0.processor_name=? and te1_0.segment=? and te1_0.owner=?
Hibernate: update token_entry te1_0 set timestamp=? where te1_0.processor_name=? and te1_0.segment=? and te1_0.owner=?
Hibernate: update token_entry te1_0 set timestamp=? where te1_0.processor_name=? and te1_0.segment=? and te1_0.owner=?
Hibernate: update token_entry te1_0 set timestamp=? where te1_0.processor_name=? and te1_0.segment=? and te1_0.owner=?
Hibernate: update token_entry te1_0 set timestamp=? where te1_0.processor_name=? and te1_0.segment=? and te1_0.owner=?
Hibernate: update token_entry te1_0 set timestamp=? where te1_0.processor_name=? and te1_0.segment=? and te1_0.owner=?
Hibernate: update token_entry te1_0 set timestamp=? where te1_0.processor_name=? and te1_0.segment=? and te1_0.owner=?
Hibernate: update token_entry te1_0 set timestamp=? where te1_0.processor_name=? and te1_0.segment=? and te1_0.owner=?
Hibernate: update token_entry te1_0 set timestamp=? where te1_0.processor_name=? and te1_0.segment=? and te1_0.owner=?
Hibernate: update token_entry te1_0 set timestamp=? where te1_0.processor_name=? and te1_0.segment=? and te1_0.owner=?
Hibernate: update token_entry te1_0 set timestamp=? where te1_0.processor_name=? and te1_0.segment=? and te1_0.owner=?
Hibernate: update token_entry te1_0 set timestamp=? where te1_0.processor_name=? and te1_0.segment=? and te1_0.owner=?
Hibernate: update token_entry te1_0 set timestamp=? where te1_0.processor_name=? and te1_0.segment=? and te1_0.owner=?
Hibernate: update token_entry te1_0 set timestamp=? where te1_0.processor_name=? and te1_0.segment=? and te1_0.owner=?
Hibernate: update token_entry te1_0 set timestamp=? where te1_0.processor_name=? and te1_0.segment=? and te1_0.owner=?
Hibernate: update token_entry te1_0 set timestamp=? where te1_0.processor_name=? and te1_0.segment=? and te1_0.owner=?
Hibernate: update token_entry te1_0 set timestamp=? where te1_0.processor_name=? and te1_0.segment=? and te1_0.owner=?
Hibernate: update token_entry te1_0 set timestamp=? where te1_0.processor_name=? and te1_0.segment=? and te1_0.owner=?
Hibernate: update token_entry te1_0 set timestamp=? where te1_0.processor_name=? and te1_0.segment=? and te1_0.owner=?
Hibernate: update token_entry te1_0 set timestamp=? where te1_0.processor_name=? and te1_0.segment=? and te1_0.owner=?
Hibernate: update token_entry te1_0 set timestamp=? where te1_0.processor_name=? and te1_0.segment=? and te1_0.owner=?
Hibernate: update token_entry te1_0 set timestamp=? where te1_0.processor_name=? and te1_0.segment=? and te1_0.owner=?
Hibernate: update token_entry te1_0 set timestamp=? where te1_0.processor_name=? and te1_0.segment=? and te1_0.owner=?
Hibernate: update token_entry te1_0 set timestamp=? where te1_0.processor_name=? and te1_0.segment=? and te1_0.owner=?
Hibernate: update token_entry te1_0 set timestamp=? where te1_0.processor_name=? and te1_0.segment=? and te1_0.owner=?
Hibernate: update token_entry te1_0 set timestamp=? where te1_0.processor_name=? and te1_0.segment=? and te1_0.owner=?
Hibernate: update token_entry te1_0 set timestamp=? where te1_0.processor_name=? and te1_0.segment=? and te1_0.owner=?
Hibernate: update token_entry te1_0 set timestamp=? where te1_0.processor_name=? and te1_0.segment=? and te1_0.owner=?
Hibernate: update token_entry te1_0 set timestamp=? where te1_0.processor_name=? and te1_0.segment=? and te1_0.owner=?
Hibernate: update token_entry te1_0 set timestamp=? where te1_0.processor_name=? and te1_0.segment=? and te1_0.owner=?
Hibernate: update token_entry te1_0 set timestamp=? where te1_0.processor_name=? and te1_0.segment=? and te1_0.owner=?
Hibernate: update token_entry te1_0 set timestamp=? where te1_0.processor_name=? and te1_0.segment=? and te1_0.owner=?
Hibernate: update token_entry te1_0 set timestamp=? where te1_0.processor_name=? and te1_0.segment=? and te1_0.owner=?
Hibernate: update token_entry te1_0 set timestamp=? where te1_0.processor_name=? and te1_0.segment=? and te1_0.owner=?
Hibernate: update token_entry te1_0 set timestamp=? where te1_0.processor_name=? and te1_0.segment=? and te1_0.owner=?
Hibernate: update token_entry te1_0 set timestamp=? where te1_0.processor_name=? and te1_0.segment=? and te1_0.owner=?
Hibernate: update token_entry te1_0 set timestamp=? where te1_0.processor_name=? and te1_0.segment=? and te1_0.owner=?
Hibernate: update token_entry te1_0 set timestamp=? where te1_0.processor_name=? and te1_0.segment=? and te1_0.owner=?
Hibernate: update token_entry te1_0 set timestamp=? where te1_0.processor_name=? and te1_0.segment=? and te1_0.owner=?
Hibernate: update token_entry te1_0 set timestamp=? where te1_0.processor_name=? and te1_0.segment=? and te1_0.owner=?
Hibernate: update token_entry te1_0 set timestamp=? where te1_0.processor_name=? and te1_0.segment=? and te1_0.owner=?
Hibernate: update token_entry te1_0 set timestamp=? where te1_0.processor_name=? and te1_0.segment=? and te1_0.owner=?
Hibernate: update token_entry te1_0 set timestamp=? where te1_0.processor_name=? and te1_0.segment=? and te1_0.owner=?
Hibernate: update token_entry te1_0 set timestamp=? where te1_0.processor_name=? and te1_0.segment=? and te1_0.owner=?
Hibernate: update token_entry te1_0 set timestamp=? where te1_0.processor_name=? and te1_0.segment=? and te1_0.owner=?
Hibernate: update token_entry te1_0 set timestamp=? where te1_0.processor_name=? and te1_0.segment=? and te1_0.owner=?
Hibernate: update token_entry te1_0 set timestamp=? where te1_0.processor_name=? and te1_0.segment=? and te1_0.owner=?
Hibernate: update token_entry te1_0 set timestamp=? where te1_0.processor_name=? and te1_0.segment=? and te1_0.owner=?
Hibernate: update token_entry te1_0 set timestamp=? where te1_0.processor_name=? and te1_0.segment=? and te1_0.owner=?
Hibernate: update token_entry te1_0 set timestamp=? where te1_0.processor_name=? and te1_0.segment=? and te1_0.owner=?
Hibernate: update token_entry te1_0 set timestamp=? where te1_0.processor_name=? and te1_0.segment=? and te1_0.owner=?
Hibernate: update token_entry te1_0 set timestamp=? where te1_0.processor_name=? and te1_0.segment=? and te1_0.owner=?
Hibernate: update token_entry te1_0 set timestamp=? where te1_0.processor_name=? and te1_0.segment=? and te1_0.owner=?
Hibernate: update token_entry te1_0 set timestamp=? where te1_0.processor_name=? and te1_0.segment=? and te1_0.owner=?
Hibernate: update token_entry te1_0 set timestamp=? where te1_0.processor_name=? and te1_0.segment=? and te1_0.owner=?
Hibernate: update token_entry te1_0 set timestamp=? where te1_0.processor_name=? and te1_0.segment=? and te1_0.owner=?
Hibernate: update token_entry te1_0 set timestamp=? where te1_0.processor_name=? and te1_0.segment=? and te1_0.owner=?
Hibernate: update token_entry te1_0 set timestamp=? where te1_0.processor_name=? and te1_0.segment=? and te1_0.owner=?
Hibernate: update token_entry te1_0 set timestamp=? where te1_0.processor_name=? and te1_0.segment=? and te1_0.owner=?
Hibernate: update token_entry te1_0 set timestamp=? where te1_0.processor_name=? and te1_0.segment=? and te1_0.owner=?
Hibernate: update token_entry te1_0 set timestamp=? where te1_0.processor_name=? and te1_0.segment=? and te1_0.owner=?
Hibernate: update token_entry te1_0 set timestamp=? where te1_0.processor_name=? and te1_0.segment=? and te1_0.owner=?
Hibernate: update token_entry te1_0 set timestamp=? where te1_0.processor_name=? and te1_0.segment=? and te1_0.owner=?
Hibernate: update token_entry te1_0 set timestamp=? where te1_0.processor_name=? and te1_0.segment=? and te1_0.owner=?
Hibernate: update token_entry te1_0 set timestamp=? where te1_0.processor_name=? and te1_0.segment=? and te1_0.owner=?
Hibernate: update token_entry te1_0 set timestamp=? where te1_0.processor_name=? and te1_0.segment=? and te1_0.owner=?
Hibernate: update token_entry te1_0 set timestamp=? where te1_0.processor_name=? and te1_0.segment=? and te1_0.owner=?
Hibernate: update token_entry te1_0 set timestamp=? where te1_0.processor_name=? and te1_0.segment=? and te1_0.owner=?
Hibernate: update token_entry te1_0 set timestamp=? where te1_0.processor_name=? and te1_0.segment=? and te1_0.owner=?
Hibernate: update token_entry te1_0 set timestamp=? where te1_0.processor_name=? and te1_0.segment=? and te1_0.owner=?
Hibernate: update token_entry te1_0 set timestamp=? where te1_0.processor_name=? and te1_0.segment=? and te1_0.owner=?
Hibernate: update token_entry te1_0 set timestamp=? where te1_0.processor_name=? and te1_0.segment=? and te1_0.owner=?
Hibernate: update token_entry te1_0 set timestamp=? where te1_0.processor_name=? and te1_0.segment=? and te1_0.owner=?
Hibernate: update token_entry te1_0 set timestamp=? where te1_0.processor_name=? and te1_0.segment=? and te1_0.owner=?
Hibernate: update token_entry te1_0 set timestamp=? where te1_0.processor_name=? and te1_0.segment=? and te1_0.owner=?
Hibernate: update token_entry te1_0 set timestamp=? where te1_0.processor_name=? and te1_0.segment=? and te1_0.owner=?
Hibernate: update token_entry te1_0 set timestamp=? where te1_0.processor_name=? and te1_0.segment=? and te1_0.owner=?
Hibernate: update token_entry te1_0 set timestamp=? where te1_0.processor_name=? and te1_0.segment=? and te1_0.owner=?
Hibernate: update token_entry te1_0 set timestamp=? where te1_0.processor_name=? and te1_0.segment=? and te1_0.owner=?
Hibernate: update token_entry te1_0 set timestamp=? where te1_0.processor_name=? and te1_0.segment=? and te1_0.owner=?
Hibernate: update token_entry te1_0 set timestamp=? where te1_0.processor_name=? and te1_0.segment=? and te1_0.owner=?
Hibernate: update token_entry te1_0 set timestamp=? where te1_0.processor_name=? and te1_0.segment=? and te1_0.owner=?
Hibernate: update token_entry te1_0 set timestamp=? where te1_0.processor_name=? and te1_0.segment=? and te1_0.owner=?
Hibernate: update token_entry te1_0 set timestamp=? where te1_0.processor_name=? and te1_0.segment=? and te1_0.owner=?
Hibernate: update token_entry te1_0 set timestamp=? where te1_0.processor_name=? and te1_0.segment=? and te1_0.owner=?
Hibernate: update token_entry te1_0 set timestamp=? where te1_0.processor_name=? and te1_0.segment=? and te1_0.owner=?
Hibernate: update token_entry te1_0 set timestamp=? where te1_0.processor_name=? and te1_0.segment=? and te1_0.owner=?
Hibernate: update token_entry te1_0 set timestamp=? where te1_0.processor_name=? and te1_0.segment=? and te1_0.owner=?
Hibernate: update token_entry te1_0 set timestamp=? where te1_0.processor_name=? and te1_0.segment=? and te1_0.owner=?
Hibernate: update token_entry te1_0 set timestamp=? where te1_0.processor_name=? and te1_0.segment=? and te1_0.owner=?
Hibernate: update token_entry te1_0 set timestamp=? where te1_0.processor_name=? and te1_0.segment=? and te1_0.owner=?
Hibernate: update token_entry te1_0 set timestamp=? where te1_0.processor_name=? and te1_0.segment=? and te1_0.owner=?
Hibernate: update token_entry te1_0 set timestamp=? where te1_0.processor_name=? and te1_0.segment=? and te1_0.owner=?
Hibernate: update token_entry te1_0 set timestamp=? where te1_0.processor_name=? and te1_0.segment=? and te1_0.owner=?
Hibernate: update token_entry te1_0 set timestamp=? where te1_0.processor_name=? and te1_0.segment=? and te1_0.owner=?
Hibernate: update token_entry te1_0 set timestamp=? where te1_0.processor_name=? and te1_0.segment=? and te1_0.owner=?
Hibernate: update token_entry te1_0 set timestamp=? where te1_0.processor_name=? and te1_0.segment=? and te1_0.owner=?
Hibernate: update token_entry te1_0 set timestamp=? where te1_0.processor_name=? and te1_0.segment=? and te1_0.owner=?
Hibernate: update token_entry te1_0 set timestamp=? where te1_0.processor_name=? and te1_0.segment=? and te1_0.owner=?
Hibernate: update token_entry te1_0 set timestamp=? where te1_0.processor_name=? and te1_0.segment=? and te1_0.owner=?
Hibernate: update token_entry te1_0 set timestamp=? where te1_0.processor_name=? and te1_0.segment=? and te1_0.owner=?
Hibernate: update token_entry te1_0 set timestamp=? where te1_0.processor_name=? and te1_0.segment=? and te1_0.owner=?
Hibernate: update token_entry te1_0 set timestamp=? where te1_0.processor_name=? and te1_0.segment=? and te1_0.owner=?
Hibernate: update token_entry te1_0 set timestamp=? where te1_0.processor_name=? and te1_0.segment=? and te1_0.owner=?
Hibernate: update token_entry te1_0 set timestamp=? where te1_0.processor_name=? and te1_0.segment=? and te1_0.owner=?
Hibernate: update token_entry te1_0 set timestamp=? where te1_0.processor_name=? and te1_0.segment=? and te1_0.owner=?
Hibernate: update token_entry te1_0 set timestamp=? where te1_0.processor_name=? and te1_0.segment=? and te1_0.owner=?
Hibernate: update token_entry te1_0 set timestamp=? where te1_0.processor_name=? and te1_0.segment=? and te1_0.owner=?
Hibernate: update token_entry te1_0 set timestamp=? where te1_0.processor_name=? and te1_0.segment=? and te1_0.owner=?
Hibernate: update token_entry te1_0 set timestamp=? where te1_0.processor_name=? and te1_0.segment=? and te1_0.owner=?
Hibernate: update token_entry te1_0 set timestamp=? where te1_0.processor_name=? and te1_0.segment=? and te1_0.owner=?
Hibernate: update token_entry te1_0 set timestamp=? where te1_0.processor_name=? and te1_0.segment=? and te1_0.owner=?
Hibernate: update token_entry te1_0 set timestamp=? where te1_0.processor_name=? and te1_0.segment=? and te1_0.owner=?
Hibernate: update token_entry te1_0 set timestamp=? where te1_0.processor_name=? and te1_0.segment=? and te1_0.owner=?
Hibernate: update token_entry te1_0 set timestamp=? where te1_0.processor_name=? and te1_0.segment=? and te1_0.owner=?
Hibernate: update token_entry te1_0 set timestamp=? where te1_0.processor_name=? and te1_0.segment=? and te1_0.owner=?
Hibernate: update token_entry te1_0 set timestamp=? where te1_0.processor_name=? and te1_0.segment=? and te1_0.owner=?
Hibernate: update token_entry te1_0 set timestamp=? where te1_0.processor_name=? and te1_0.segment=? and te1_0.owner=?
Hibernate: update token_entry te1_0 set timestamp=? where te1_0.processor_name=? and te1_0.segment=? and te1_0.owner=?
Hibernate: update token_entry te1_0 set timestamp=? where te1_0.processor_name=? and te1_0.segment=? and te1_0.owner=?
Hibernate: update token_entry te1_0 set timestamp=? where te1_0.processor_name=? and te1_0.segment=? and te1_0.owner=?
Hibernate: update token_entry te1_0 set timestamp=? where te1_0.processor_name=? and te1_0.segment=? and te1_0.owner=?
Hibernate: update token_entry te1_0 set timestamp=? where te1_0.processor_name=? and te1_0.segment=? and te1_0.owner=?
Hibernate: update token_entry te1_0 set timestamp=? where te1_0.processor_name=? and te1_0.segment=? and te1_0.owner=?
Hibernate: update token_entry te1_0 set timestamp=? where te1_0.processor_name=? and te1_0.segment=? and te1_0.owner=?
Hibernate: update token_entry te1_0 set timestamp=? where te1_0.processor_name=? and te1_0.segment=? and te1_0.owner=?
Hibernate: update token_entry te1_0 set timestamp=? where te1_0.processor_name=? and te1_0.segment=? and te1_0.owner=?
Hibernate: update token_entry te1_0 set timestamp=? where te1_0.processor_name=? and te1_0.segment=? and te1_0.owner=?
Hibernate: update token_entry te1_0 set timestamp=? where te1_0.processor_name=? and te1_0.segment=? and te1_0.owner=?
Hibernate: update token_entry te1_0 set timestamp=? where te1_0.processor_name=? and te1_0.segment=? and te1_0.owner=?
Hibernate: update token_entry te1_0 set timestamp=? where te1_0.processor_name=? and te1_0.segment=? and te1_0.owner=?
Hibernate: update token_entry te1_0 set timestamp=? where te1_0.processor_name=? and te1_0.segment=? and te1_0.owner=?
Hibernate: update token_entry te1_0 set timestamp=? where te1_0.processor_name=? and te1_0.segment=? and te1_0.owner=?
Hibernate: update token_entry te1_0 set timestamp=? where te1_0.processor_name=? and te1_0.segment=? and te1_0.owner=?
Hibernate: update token_entry te1_0 set timestamp=? where te1_0.processor_name=? and te1_0.segment=? and te1_0.owner=?
Hibernate: update token_entry te1_0 set timestamp=? where te1_0.processor_name=? and te1_0.segment=? and te1_0.owner=?
Hibernate: update token_entry te1_0 set timestamp=? where te1_0.processor_name=? and te1_0.segment=? and te1_0.owner=?
Hibernate: update token_entry te1_0 set timestamp=? where te1_0.processor_name=? and te1_0.segment=? and te1_0.owner=?
Hibernate: update token_entry te1_0 set timestamp=? where te1_0.processor_name=? and te1_0.segment=? and te1_0.owner=?
Hibernate: update token_entry te1_0 set timestamp=? where te1_0.processor_name=? and te1_0.segment=? and te1_0.owner=?
Hibernate: update token_entry te1_0 set timestamp=? where te1_0.processor_name=? and te1_0.segment=? and te1_0.owner=?
Hibernate: update token_entry te1_0 set timestamp=? where te1_0.processor_name=? and te1_0.segment=? and te1_0.owner=?
Hibernate: update token_entry te1_0 set timestamp=? where te1_0.processor_name=? and te1_0.segment=? and te1_0.owner=?
Hibernate: update token_entry te1_0 set timestamp=? where te1_0.processor_name=? and te1_0.segment=? and te1_0.owner=?
Hibernate: update token_entry te1_0 set timestamp=? where te1_0.processor_name=? and te1_0.segment=? and te1_0.owner=?
Hibernate: update token_entry te1_0 set timestamp=? where te1_0.processor_name=? and te1_0.segment=? and te1_0.owner=?
Hibernate: update token_entry te1_0 set timestamp=? where te1_0.processor_name=? and te1_0.segment=? and te1_0.owner=?
Hibernate: update token_entry te1_0 set timestamp=? where te1_0.processor_name=? and te1_0.segment=? and te1_0.owner=?
Hibernate: update token_entry te1_0 set timestamp=? where te1_0.processor_name=? and te1_0.segment=? and te1_0.owner=?
Hibernate: update token_entry te1_0 set timestamp=? where te1_0.processor_name=? and te1_0.segment=? and te1_0.owner=?
Hibernate: update token_entry te1_0 set timestamp=? where te1_0.processor_name=? and te1_0.segment=? and te1_0.owner=?
Hibernate: update token_entry te1_0 set timestamp=? where te1_0.processor_name=? and te1_0.segment=? and te1_0.owner=?
Hibernate: update token_entry te1_0 set timestamp=? where te1_0.processor_name=? and te1_0.segment=? and te1_0.owner=?
Hibernate: update token_entry te1_0 set timestamp=? where te1_0.processor_name=? and te1_0.segment=? and te1_0.owner=?
Hibernate: update token_entry te1_0 set timestamp=? where te1_0.processor_name=? and te1_0.segment=? and te1_0.owner=?
Hibernate: update token_entry te1_0 set timestamp=? where te1_0.processor_name=? and te1_0.segment=? and te1_0.owner=?
Hibernate: update token_entry te1_0 set timestamp=? where te1_0.processor_name=? and te1_0.segment=? and te1_0.owner=?
Hibernate: update token_entry te1_0 set timestamp=? where te1_0.processor_name=? and te1_0.segment=? and te1_0.owner=?
Hibernate: update token_entry te1_0 set timestamp=? where te1_0.processor_name=? and te1_0.segment=? and te1_0.owner=?
Hibernate: update token_entry te1_0 set timestamp=? where te1_0.processor_name=? and te1_0.segment=? and te1_0.owner=?
Hibernate: update token_entry te1_0 set timestamp=? where te1_0.processor_name=? and te1_0.segment=? and te1_0.owner=?
Hibernate: update token_entry te1_0 set timestamp=? where te1_0.processor_name=? and te1_0.segment=? and te1_0.owner=?
Hibernate: update token_entry te1_0 set timestamp=? where te1_0.processor_name=? and te1_0.segment=? and te1_0.owner=?
Hibernate: update token_entry te1_0 set timestamp=? where te1_0.processor_name=? and te1_0.segment=? and te1_0.owner=?
Hibernate: update token_entry te1_0 set timestamp=? where te1_0.processor_name=? and te1_0.segment=? and te1_0.owner=?
Hibernate: update token_entry te1_0 set timestamp=? where te1_0.processor_name=? and te1_0.segment=? and te1_0.owner=?
Hibernate: update token_entry te1_0 set timestamp=? where te1_0.processor_name=? and te1_0.segment=? and te1_0.owner=?
Hibernate: update token_entry te1_0 set timestamp=? where te1_0.processor_name=? and te1_0.segment=? and te1_0.owner=?
Hibernate: update token_entry te1_0 set timestamp=? where te1_0.processor_name=? and te1_0.segment=? and te1_0.owner=?
Hibernate: update token_entry te1_0 set timestamp=? where te1_0.processor_name=? and te1_0.segment=? and te1_0.owner=?
Hibernate: update token_entry te1_0 set timestamp=? where te1_0.processor_name=? and te1_0.segment=? and te1_0.owner=?
Hibernate: update token_entry te1_0 set timestamp=? where te1_0.processor_name=? and te1_0.segment=? and te1_0.owner=?
Hibernate: update token_entry te1_0 set timestamp=? where te1_0.processor_name=? and te1_0.segment=? and te1_0.owner=?
Hibernate: update token_entry te1_0 set timestamp=? where te1_0.processor_name=? and te1_0.segment=? and te1_0.owner=?
Hibernate: update token_entry te1_0 set timestamp=? where te1_0.processor_name=? and te1_0.segment=? and te1_0.owner=?
Hibernate: update token_entry te1_0 set timestamp=? where te1_0.processor_name=? and te1_0.segment=? and te1_0.owner=?
Hibernate: update token_entry te1_0 set timestamp=? where te1_0.processor_name=? and te1_0.segment=? and te1_0.owner=?
Hibernate: update token_entry te1_0 set timestamp=? where te1_0.processor_name=? and te1_0.segment=? and te1_0.owner=?
Hibernate: update token_entry te1_0 set timestamp=? where te1_0.processor_name=? and te1_0.segment=? and te1_0.owner=?
Hibernate: update token_entry te1_0 set timestamp=? where te1_0.processor_name=? and te1_0.segment=? and te1_0.owner=?
Hibernate: update token_entry te1_0 set timestamp=? where te1_0.processor_name=? and te1_0.segment=? and te1_0.owner=?
Hibernate: update token_entry te1_0 set timestamp=? where te1_0.processor_name=? and te1_0.segment=? and te1_0.owner=?
Hibernate: update token_entry te1_0 set timestamp=? where te1_0.processor_name=? and te1_0.segment=? and te1_0.owner=?
Hibernate: update token_entry te1_0 set timestamp=? where te1_0.processor_name=? and te1_0.segment=? and te1_0.owner=?
Hibernate: update token_entry te1_0 set timestamp=? where te1_0.processor_name=? and te1_0.segment=? and te1_0.owner=?
Hibernate: update token_entry te1_0 set timestamp=? where te1_0.processor_name=? and te1_0.segment=? and te1_0.owner=?
Hibernate: update token_entry te1_0 set timestamp=? where te1_0.processor_name=? and te1_0.segment=? and te1_0.owner=?
Hibernate: update token_entry te1_0 set timestamp=? where te1_0.processor_name=? and te1_0.segment=? and te1_0.owner=?
Hibernate: update token_entry te1_0 set timestamp=? where te1_0.processor_name=? and te1_0.segment=? and te1_0.owner=?
Hibernate: update token_entry te1_0 set timestamp=? where te1_0.processor_name=? and te1_0.segment=? and te1_0.owner=?
Hibernate: update token_entry te1_0 set timestamp=? where te1_0.processor_name=? and te1_0.segment=? and te1_0.owner=?
Hibernate: update token_entry te1_0 set timestamp=? where te1_0.processor_name=? and te1_0.segment=? and te1_0.owner=?
Hibernate: update token_entry te1_0 set timestamp=? where te1_0.processor_name=? and te1_0.segment=? and te1_0.owner=?
Hibernate: update token_entry te1_0 set timestamp=? where te1_0.processor_name=? and te1_0.segment=? and te1_0.owner=?
Hibernate: update token_entry te1_0 set timestamp=? where te1_0.processor_name=? and te1_0.segment=? and te1_0.owner=?
Hibernate: update token_entry te1_0 set timestamp=? where te1_0.processor_name=? and te1_0.segment=? and te1_0.owner=?
Hibernate: update token_entry te1_0 set timestamp=? where te1_0.processor_name=? and te1_0.segment=? and te1_0.owner=?
Hibernate: update token_entry te1_0 set timestamp=? where te1_0.processor_name=? and te1_0.segment=? and te1_0.owner=?
Hibernate: update token_entry te1_0 set timestamp=? where te1_0.processor_name=? and te1_0.segment=? and te1_0.owner=?
Hibernate: update token_entry te1_0 set timestamp=? where te1_0.processor_name=? and te1_0.segment=? and te1_0.owner=?
Hibernate: update token_entry te1_0 set timestamp=? where te1_0.processor_name=? and te1_0.segment=? and te1_0.owner=?
Hibernate: update token_entry te1_0 set timestamp=? where te1_0.processor_name=? and te1_0.segment=? and te1_0.owner=?
Hibernate: update token_entry te1_0 set timestamp=? where te1_0.processor_name=? and te1_0.segment=? and te1_0.owner=?
Hibernate: update token_entry te1_0 set timestamp=? where te1_0.processor_name=? and te1_0.segment=? and te1_0.owner=?
Hibernate: update token_entry te1_0 set timestamp=? where te1_0.processor_name=? and te1_0.segment=? and te1_0.owner=?
Hibernate: update token_entry te1_0 set timestamp=? where te1_0.processor_name=? and te1_0.segment=? and te1_0.owner=?
Hibernate: update token_entry te1_0 set timestamp=? where te1_0.processor_name=? and te1_0.segment=? and te1_0.owner=?
Hibernate: update token_entry te1_0 set timestamp=? where te1_0.processor_name=? and te1_0.segment=? and te1_0.owner=?
Hibernate: update token_entry te1_0 set timestamp=? where te1_0.processor_name=? and te1_0.segment=? and te1_0.owner=?
Hibernate: update token_entry te1_0 set timestamp=? where te1_0.processor_name=? and te1_0.segment=? and te1_0.owner=?
Hibernate: update token_entry te1_0 set timestamp=? where te1_0.processor_name=? and te1_0.segment=? and te1_0.owner=?
Hibernate: update token_entry te1_0 set timestamp=? where te1_0.processor_name=? and te1_0.segment=? and te1_0.owner=?
Hibernate: update token_entry te1_0 set timestamp=? where te1_0.processor_name=? and te1_0.segment=? and te1_0.owner=?
Hibernate: update token_entry te1_0 set timestamp=? where te1_0.processor_name=? and te1_0.segment=? and te1_0.owner=?
Hibernate: update token_entry te1_0 set timestamp=? where te1_0.processor_name=? and te1_0.segment=? and te1_0.owner=?
Hibernate: update token_entry te1_0 set timestamp=? where te1_0.processor_name=? and te1_0.segment=? and te1_0.owner=?
Hibernate: update token_entry te1_0 set timestamp=? where te1_0.processor_name=? and te1_0.segment=? and te1_0.owner=?
Hibernate: update token_entry te1_0 set timestamp=? where te1_0.processor_name=? and te1_0.segment=? and te1_0.owner=?
Hibernate: update token_entry te1_0 set timestamp=? where te1_0.processor_name=? and te1_0.segment=? and te1_0.owner=?
Hibernate: update token_entry te1_0 set timestamp=? where te1_0.processor_name=? and te1_0.segment=? and te1_0.owner=?
Hibernate: update token_entry te1_0 set timestamp=? where te1_0.processor_name=? and te1_0.segment=? and te1_0.owner=?
Hibernate: update token_entry te1_0 set timestamp=? where te1_0.processor_name=? and te1_0.segment=? and te1_0.owner=?
Hibernate: update token_entry te1_0 set timestamp=? where te1_0.processor_name=? and te1_0.segment=? and te1_0.owner=?
Hibernate: update token_entry te1_0 set timestamp=? where te1_0.processor_name=? and te1_0.segment=? and te1_0.owner=?
Hibernate: update token_entry te1_0 set timestamp=? where te1_0.processor_name=? and te1_0.segment=? and te1_0.owner=?
Hibernate: update token_entry te1_0 set timestamp=? where te1_0.processor_name=? and te1_0.segment=? and te1_0.owner=?
Hibernate: update token_entry te1_0 set timestamp=? where te1_0.processor_name=? and te1_0.segment=? and te1_0.owner=?
Hibernate: update token_entry te1_0 set timestamp=? where te1_0.processor_name=? and te1_0.segment=? and te1_0.owner=?
Hibernate: update token_entry te1_0 set timestamp=? where te1_0.processor_name=? and te1_0.segment=? and te1_0.owner=?
Hibernate: update token_entry te1_0 set timestamp=? where te1_0.processor_name=? and te1_0.segment=? and te1_0.owner=?
Hibernate: update token_entry te1_0 set timestamp=? where te1_0.processor_name=? and te1_0.segment=? and te1_0.owner=?
Hibernate: update token_entry te1_0 set timestamp=? where te1_0.processor_name=? and te1_0.segment=? and te1_0.owner=?
Hibernate: update token_entry te1_0 set timestamp=? where te1_0.processor_name=? and te1_0.segment=? and te1_0.owner=?
Hibernate: update token_entry te1_0 set timestamp=? where te1_0.processor_name=? and te1_0.segment=? and te1_0.owner=?
Hibernate: update token_entry te1_0 set timestamp=? where te1_0.processor_name=? and te1_0.segment=? and te1_0.owner=?
Hibernate: update token_entry te1_0 set timestamp=? where te1_0.processor_name=? and te1_0.segment=? and te1_0.owner=?
Hibernate: update token_entry te1_0 set timestamp=? where te1_0.processor_name=? and te1_0.segment=? and te1_0.owner=?
Hibernate: update token_entry te1_0 set timestamp=? where te1_0.processor_name=? and te1_0.segment=? and te1_0.owner=?
Hibernate: update token_entry te1_0 set timestamp=? where te1_0.processor_name=? and te1_0.segment=? and te1_0.owner=?
Hibernate: update token_entry te1_0 set timestamp=? where te1_0.processor_name=? and te1_0.segment=? and te1_0.owner=?
Hibernate: update token_entry te1_0 set timestamp=? where te1_0.processor_name=? and te1_0.segment=? and te1_0.owner=?
Hibernate: update token_entry te1_0 set timestamp=? where te1_0.processor_name=? and te1_0.segment=? and te1_0.owner=?
Hibernate: update token_entry te1_0 set timestamp=? where te1_0.processor_name=? and te1_0.segment=? and te1_0.owner=?
Hibernate: update token_entry te1_0 set timestamp=? where te1_0.processor_name=? and te1_0.segment=? and te1_0.owner=?
Hibernate: update token_entry te1_0 set timestamp=? where te1_0.processor_name=? and te1_0.segment=? and te1_0.owner=?
Hibernate: update token_entry te1_0 set timestamp=? where te1_0.processor_name=? and te1_0.segment=? and te1_0.owner=?
Hibernate: update token_entry te1_0 set timestamp=? where te1_0.processor_name=? and te1_0.segment=? and te1_0.owner=?
Hibernate: update token_entry te1_0 set timestamp=? where te1_0.processor_name=? and te1_0.segment=? and te1_0.owner=?
Hibernate: update token_entry te1_0 set timestamp=? where te1_0.processor_name=? and te1_0.segment=? and te1_0.owner=?
Hibernate: update token_entry te1_0 set timestamp=? where te1_0.processor_name=? and te1_0.segment=? and te1_0.owner=?
Hibernate: update token_entry te1_0 set timestamp=? where te1_0.processor_name=? and te1_0.segment=? and te1_0.owner=?
Hibernate: update token_entry te1_0 set timestamp=? where te1_0.processor_name=? and te1_0.segment=? and te1_0.owner=?
Hibernate: update token_entry te1_0 set timestamp=? where te1_0.processor_name=? and te1_0.segment=? and te1_0.owner=?
Hibernate: update token_entry te1_0 set timestamp=? where te1_0.processor_name=? and te1_0.segment=? and te1_0.owner=?
Hibernate: update token_entry te1_0 set timestamp=? where te1_0.processor_name=? and te1_0.segment=? and te1_0.owner=?
Hibernate: update token_entry te1_0 set timestamp=? where te1_0.processor_name=? and te1_0.segment=? and te1_0.owner=?
Hibernate: update token_entry te1_0 set timestamp=? where te1_0.processor_name=? and te1_0.segment=? and te1_0.owner=?
Hibernate: update token_entry te1_0 set timestamp=? where te1_0.processor_name=? and te1_0.segment=? and te1_0.owner=?
Hibernate: update token_entry te1_0 set timestamp=? where te1_0.processor_name=? and te1_0.segment=? and te1_0.owner=?
Hibernate: update token_entry te1_0 set timestamp=? where te1_0.processor_name=? and te1_0.segment=? and te1_0.owner=?
Hibernate: update token_entry te1_0 set timestamp=? where te1_0.processor_name=? and te1_0.segment=? and te1_0.owner=?
Hibernate: update token_entry te1_0 set timestamp=? where te1_0.processor_name=? and te1_0.segment=? and te1_0.owner=?
Hibernate: update token_entry te1_0 set timestamp=? where te1_0.processor_name=? and te1_0.segment=? and te1_0.owner=?
Hibernate: update token_entry te1_0 set timestamp=? where te1_0.processor_name=? and te1_0.segment=? and te1_0.owner=?
Hibernate: update token_entry te1_0 set timestamp=? where te1_0.processor_name=? and te1_0.segment=? and te1_0.owner=?
Hibernate: update token_entry te1_0 set timestamp=? where te1_0.processor_name=? and te1_0.segment=? and te1_0.owner=?
Hibernate: update token_entry te1_0 set timestamp=? where te1_0.processor_name=? and te1_0.segment=? and te1_0.owner=?
Hibernate: update token_entry te1_0 set timestamp=? where te1_0.processor_name=? and te1_0.segment=? and te1_0.owner=?
Hibernate: update token_entry te1_0 set timestamp=? where te1_0.processor_name=? and te1_0.segment=? and te1_0.owner=?
Hibernate: update token_entry te1_0 set timestamp=? where te1_0.processor_name=? and te1_0.segment=? and te1_0.owner=?
Hibernate: update token_entry te1_0 set timestamp=? where te1_0.processor_name=? and te1_0.segment=? and te1_0.owner=?
Hibernate: update token_entry te1_0 set timestamp=? where te1_0.processor_name=? and te1_0.segment=? and te1_0.owner=?
Hibernate: update token_entry te1_0 set timestamp=? where te1_0.processor_name=? and te1_0.segment=? and te1_0.owner=?
Hibernate: update token_entry te1_0 set timestamp=? where te1_0.processor_name=? and te1_0.segment=? and te1_0.owner=?
Hibernate: update token_entry te1_0 set timestamp=? where te1_0.processor_name=? and te1_0.segment=? and te1_0.owner=?
Hibernate: update token_entry te1_0 set timestamp=? where te1_0.processor_name=? and te1_0.segment=? and te1_0.owner=?
Hibernate: update token_entry te1_0 set timestamp=? where te1_0.processor_name=? and te1_0.segment=? and te1_0.owner=?
Hibernate: update token_entry te1_0 set timestamp=? where te1_0.processor_name=? and te1_0.segment=? and te1_0.owner=?
Hibernate: update token_entry te1_0 set timestamp=? where te1_0.processor_name=? and te1_0.segment=? and te1_0.owner=?
Hibernate: update token_entry te1_0 set timestamp=? where te1_0.processor_name=? and te1_0.segment=? and te1_0.owner=?
Hibernate: update token_entry te1_0 set timestamp=? where te1_0.processor_name=? and te1_0.segment=? and te1_0.owner=?
Hibernate: update token_entry te1_0 set timestamp=? where te1_0.processor_name=? and te1_0.segment=? and te1_0.owner=?
2025-12-29T10:18:27.517+01:00  INFO 18096 --- [order-service] [rap-executor-%d] c.n.d.s.r.aws.ConfigClusterResolver      : Resolving eureka endpoints via configuration
Hibernate: update token_entry te1_0 set timestamp=? where te1_0.processor_name=? and te1_0.segment=? and te1_0.owner=?
Hibernate: update token_entry te1_0 set timestamp=? where te1_0.processor_name=? and te1_0.segment=? and te1_0.owner=?
Hibernate: update token_entry te1_0 set timestamp=? where te1_0.processor_name=? and te1_0.segment=? and te1_0.owner=?
Hibernate: update token_entry te1_0 set timestamp=? where te1_0.processor_name=? and te1_0.segment=? and te1_0.owner=?
Hibernate: update token_entry te1_0 set timestamp=? where te1_0.processor_name=? and te1_0.segment=? and te1_0.owner=?
Hibernate: update token_entry te1_0 set timestamp=? where te1_0.processor_name=? and te1_0.segment=? and te1_0.owner=?
Hibernate: update token_entry te1_0 set timestamp=? where te1_0.processor_name=? and te1_0.segment=? and te1_0.owner=?
Hibernate: update token_entry te1_0 set timestamp=? where te1_0.processor_name=? and te1_0.segment=? and te1_0.owner=?
Hibernate: update token_entry te1_0 set timestamp=? where te1_0.processor_name=? and te1_0.segment=? and te1_0.owner=?
Hibernate: update token_entry te1_0 set timestamp=? where te1_0.processor_name=? and te1_0.segment=? and te1_0.owner=?
Hibernate: update token_entry te1_0 set timestamp=? where te1_0.processor_name=? and te1_0.segment=? and te1_0.owner=?
Hibernate: update token_entry te1_0 set timestamp=? where te1_0.processor_name=? and te1_0.segment=? and te1_0.owner=?
Hibernate: update token_entry te1_0 set timestamp=? where te1_0.processor_name=? and te1_0.segment=? and te1_0.owner=?
Hibernate: update token_entry te1_0 set timestamp=? where te1_0.processor_name=? and te1_0.segment=? and te1_0.owner=?
Hibernate: update token_entry te1_0 set timestamp=? where te1_0.processor_name=? and te1_0.segment=? and te1_0.owner=?
Hibernate: update token_entry te1_0 set timestamp=? where te1_0.processor_name=? and te1_0.segment=? and te1_0.owner=?
Hibernate: update token_entry te1_0 set timestamp=? where te1_0.processor_name=? and te1_0.segment=? and te1_0.owner=?
Hibernate: update token_entry te1_0 set timestamp=? where te1_0.processor_name=? and te1_0.segment=? and te1_0.owner=?
Hibernate: update token_entry te1_0 set timestamp=? where te1_0.processor_name=? and te1_0.segment=? and te1_0.owner=?
Hibernate: update token_entry te1_0 set timestamp=? where te1_0.processor_name=? and te1_0.segment=? and te1_0.owner=?
Hibernate: update token_entry te1_0 set timestamp=? where te1_0.processor_name=? and te1_0.segment=? and te1_0.owner=?
Hibernate: update token_entry te1_0 set timestamp=? where te1_0.processor_name=? and te1_0.segment=? and te1_0.owner=?
Hibernate: update token_entry te1_0 set timestamp=? where te1_0.processor_name=? and te1_0.segment=? and te1_0.owner=?
Hibernate: update token_entry te1_0 set timestamp=? where te1_0.processor_name=? and te1_0.segment=? and te1_0.owner=?
Hibernate: update token_entry te1_0 set timestamp=? where te1_0.processor_name=? and te1_0.segment=? and te1_0.owner=?
Hibernate: update token_entry te1_0 set timestamp=? where te1_0.processor_name=? and te1_0.segment=? and te1_0.owner=?
Hibernate: update token_entry te1_0 set timestamp=? where te1_0.processor_name=? and te1_0.segment=? and te1_0.owner=?
Hibernate: update token_entry te1_0 set timestamp=? where te1_0.processor_name=? and te1_0.segment=? and te1_0.owner=?
Hibernate: update token_entry te1_0 set timestamp=? where te1_0.processor_name=? and te1_0.segment=? and te1_0.owner=?
Hibernate: update token_entry te1_0 set timestamp=? where te1_0.processor_name=? and te1_0.segment=? and te1_0.owner=?
Hibernate: update token_entry te1_0 set timestamp=? where te1_0.processor_name=? and te1_0.segment=? and te1_0.owner=?
Hibernate: update token_entry te1_0 set timestamp=? where te1_0.processor_name=? and te1_0.segment=? and te1_0.owner=?
Hibernate: update token_entry te1_0 set timestamp=? where te1_0.processor_name=? and te1_0.segment=? and te1_0.owner=?
Hibernate: update token_entry te1_0 set timestamp=? where te1_0.processor_name=? and te1_0.segment=? and te1_0.owner=?
Hibernate: update token_entry te1_0 set timestamp=? where te1_0.processor_name=? and te1_0.segment=? and te1_0.owner=?
Hibernate: update token_entry te1_0 set timestamp=? where te1_0.processor_name=? and te1_0.segment=? and te1_0.owner=?
Hibernate: update token_entry te1_0 set timestamp=? where te1_0.processor_name=? and te1_0.segment=? and te1_0.owner=?
Hibernate: update token_entry te1_0 set timestamp=? where te1_0.processor_name=? and te1_0.segment=? and te1_0.owner=?
Hibernate: update token_entry te1_0 set timestamp=? where te1_0.processor_name=? and te1_0.segment=? and te1_0.owner=?
Hibernate: update token_entry te1_0 set timestamp=? where te1_0.processor_name=? and te1_0.segment=? and te1_0.owner=?
Hibernate: update token_entry te1_0 set timestamp=? where te1_0.processor_name=? and te1_0.segment=? and te1_0.owner=?
Hibernate: update token_entry te1_0 set timestamp=? where te1_0.processor_name=? and te1_0.segment=? and te1_0.owner=?
Hibernate: update token_entry te1_0 set timestamp=? where te1_0.processor_name=? and te1_0.segment=? and te1_0.owner=?
Hibernate: update token_entry te1_0 set timestamp=? where te1_0.processor_name=? and te1_0.segment=? and te1_0.owner=?
Hibernate: update token_entry te1_0 set timestamp=? where te1_0.processor_name=? and te1_0.segment=? and te1_0.owner=?
Hibernate: update token_entry te1_0 set timestamp=? where te1_0.processor_name=? and te1_0.segment=? and te1_0.owner=?
Hibernate: update token_entry te1_0 set timestamp=? where te1_0.processor_name=? and te1_0.segment=? and te1_0.owner=?
Hibernate: update token_entry te1_0 set timestamp=? where te1_0.processor_name=? and te1_0.segment=? and te1_0.owner=?
Hibernate: update token_entry te1_0 set timestamp=? where te1_0.processor_name=? and te1_0.segment=? and te1_0.owner=?
Hibernate: update token_entry te1_0 set timestamp=? where te1_0.processor_name=? and te1_0.segment=? and te1_0.owner=?
Hibernate: update token_entry te1_0 set timestamp=? where te1_0.processor_name=? and te1_0.segment=? and te1_0.owner=?
Hibernate: update token_entry te1_0 set timestamp=? where te1_0.processor_name=? and te1_0.segment=? and te1_0.owner=?
Hibernate: update token_entry te1_0 set timestamp=? where te1_0.processor_name=? and te1_0.segment=? and te1_0.owner=?
Hibernate: update token_entry te1_0 set timestamp=? where te1_0.processor_name=? and te1_0.segment=? and te1_0.owner=?
Hibernate: update token_entry te1_0 set timestamp=? where te1_0.processor_name=? and te1_0.segment=? and te1_0.owner=?
Hibernate: update token_entry te1_0 set timestamp=? where te1_0.processor_name=? and te1_0.segment=? and te1_0.owner=?
Hibernate: update token_entry te1_0 set timestamp=? where te1_0.processor_name=? and te1_0.segment=? and te1_0.owner=?
Hibernate: update token_entry te1_0 set timestamp=? where te1_0.processor_name=? and te1_0.segment=? and te1_0.owner=?
Hibernate: update token_entry te1_0 set timestamp=? where te1_0.processor_name=? and te1_0.segment=? and te1_0.owner=?
Hibernate: update token_entry te1_0 set timestamp=? where te1_0.processor_name=? and te1_0.segment=? and te1_0.owner=?
Hibernate: update token_entry te1_0 set timestamp=? where te1_0.processor_name=? and te1_0.segment=? and te1_0.owner=?
Hibernate: update token_entry te1_0 set timestamp=? where te1_0.processor_name=? and te1_0.segment=? and te1_0.owner=?
Hibernate: update token_entry te1_0 set timestamp=? where te1_0.processor_name=? and te1_0.segment=? and te1_0.owner=?
Hibernate: update token_entry te1_0 set timestamp=? where te1_0.processor_name=? and te1_0.segment=? and te1_0.owner=?
Hibernate: update token_entry te1_0 set timestamp=? where te1_0.processor_name=? and te1_0.segment=? and te1_0.owner=?
Hibernate: update token_entry te1_0 set timestamp=? where te1_0.processor_name=? and te1_0.segment=? and te1_0.owner=?
Hibernate: update token_entry te1_0 set timestamp=? where te1_0.processor_name=? and te1_0.segment=? and te1_0.owner=?
Hibernate: update token_entry te1_0 set timestamp=? where te1_0.processor_name=? and te1_0.segment=? and te1_0.owner=?
Hibernate: update token_entry te1_0 set timestamp=? where te1_0.processor_name=? and te1_0.segment=? and te1_0.owner=?
Hibernate: update token_entry te1_0 set timestamp=? where te1_0.processor_name=? and te1_0.segment=? and te1_0.owner=?
Hibernate: update token_entry te1_0 set timestamp=? where te1_0.processor_name=? and te1_0.segment=? and te1_0.owner=?
Hibernate: update token_entry te1_0 set timestamp=? where te1_0.processor_name=? and te1_0.segment=? and te1_0.owner=?
Hibernate: update token_entry te1_0 set timestamp=? where te1_0.processor_name=? and te1_0.segment=? and te1_0.owner=?
Hibernate: update token_entry te1_0 set timestamp=? where te1_0.processor_name=? and te1_0.segment=? and te1_0.owner=?
Hibernate: update token_entry te1_0 set timestamp=? where te1_0.processor_name=? and te1_0.segment=? and te1_0.owner=?
Hibernate: update token_entry te1_0 set timestamp=? where te1_0.processor_name=? and te1_0.segment=? and te1_0.owner=?
Hibernate: update token_entry te1_0 set timestamp=? where te1_0.processor_name=? and te1_0.segment=? and te1_0.owner=?
Hibernate: update token_entry te1_0 set timestamp=? where te1_0.processor_name=? and te1_0.segment=? and te1_0.owner=?
Hibernate: update token_entry te1_0 set timestamp=? where te1_0.processor_name=? and te1_0.segment=? and te1_0.owner=?
Hibernate: update token_entry te1_0 set timestamp=? where te1_0.processor_name=? and te1_0.segment=? and te1_0.owner=?
Hibernate: update token_entry te1_0 set timestamp=? where te1_0.processor_name=? and te1_0.segment=? and te1_0.owner=?
Hibernate: update token_entry te1_0 set timestamp=? where te1_0.processor_name=? and te1_0.segment=? and te1_0.owner=?
Hibernate: update token_entry te1_0 set timestamp=? where te1_0.processor_name=? and te1_0.segment=? and te1_0.owner=?
Hibernate: update token_entry te1_0 set timestamp=? where te1_0.processor_name=? and te1_0.segment=? and te1_0.owner=?
Hibernate: update token_entry te1_0 set timestamp=? where te1_0.processor_name=? and te1_0.segment=? and te1_0.owner=?
Hibernate: update token_entry te1_0 set timestamp=? where te1_0.processor_name=? and te1_0.segment=? and te1_0.owner=?
Hibernate: update token_entry te1_0 set timestamp=? where te1_0.processor_name=? and te1_0.segment=? and te1_0.owner=?
Hibernate: update token_entry te1_0 set timestamp=? where te1_0.processor_name=? and te1_0.segment=? and te1_0.owner=?
Hibernate: update token_entry te1_0 set timestamp=? where te1_0.processor_name=? and te1_0.segment=? and te1_0.owner=?
Hibernate: update token_entry te1_0 set timestamp=? where te1_0.processor_name=? and te1_0.segment=? and te1_0.owner=?
Hibernate: update token_entry te1_0 set timestamp=? where te1_0.processor_name=? and te1_0.segment=? and te1_0.owner=?
Hibernate: update token_entry te1_0 set timestamp=? where te1_0.processor_name=? and te1_0.segment=? and te1_0.owner=?
Hibernate: update token_entry te1_0 set timestamp=? where te1_0.processor_name=? and te1_0.segment=? and te1_0.owner=?
Hibernate: update token_entry te1_0 set timestamp=? where te1_0.processor_name=? and te1_0.segment=? and te1_0.owner=?
Hibernate: update token_entry te1_0 set timestamp=? where te1_0.processor_name=? and te1_0.segment=? and te1_0.owner=?
Hibernate: update token_entry te1_0 set timestamp=? where te1_0.processor_name=? and te1_0.segment=? and te1_0.owner=?
Hibernate: update token_entry te1_0 set timestamp=? where te1_0.processor_name=? and te1_0.segment=? and te1_0.owner=?
Hibernate: update token_entry te1_0 set timestamp=? where te1_0.processor_name=? and te1_0.segment=? and te1_0.owner=?
Hibernate: update token_entry te1_0 set timestamp=? where te1_0.processor_name=? and te1_0.segment=? and te1_0.owner=?
Hibernate: update token_entry te1_0 set timestamp=? where te1_0.processor_name=? and te1_0.segment=? and te1_0.owner=?
Hibernate: update token_entry te1_0 set timestamp=? where te1_0.processor_name=? and te1_0.segment=? and te1_0.owner=?
Hibernate: update token_entry te1_0 set timestamp=? where te1_0.processor_name=? and te1_0.segment=? and te1_0.owner=?
Hibernate: update token_entry te1_0 set timestamp=? where te1_0.processor_name=? and te1_0.segment=? and te1_0.owner=?
Hibernate: update token_entry te1_0 set timestamp=? where te1_0.processor_name=? and te1_0.segment=? and te1_0.owner=?
Hibernate: update token_entry te1_0 set timestamp=? where te1_0.processor_name=? and te1_0.segment=? and te1_0.owner=?
Hibernate: update token_entry te1_0 set timestamp=? where te1_0.processor_name=? and te1_0.segment=? and te1_0.owner=?
Hibernate: update token_entry te1_0 set timestamp=? where te1_0.processor_name=? and te1_0.segment=? and te1_0.owner=?
Hibernate: update token_entry te1_0 set timestamp=? where te1_0.processor_name=? and te1_0.segment=? and te1_0.owner=?
Hibernate: update token_entry te1_0 set timestamp=? where te1_0.processor_name=? and te1_0.segment=? and te1_0.owner=?
Hibernate: update token_entry te1_0 set timestamp=? where te1_0.processor_name=? and te1_0.segment=? and te1_0.owner=?
Hibernate: update token_entry te1_0 set timestamp=? where te1_0.processor_name=? and te1_0.segment=? and te1_0.owner=?
Hibernate: update token_entry te1_0 set timestamp=? where te1_0.processor_name=? and te1_0.segment=? and te1_0.owner=?
Hibernate: update token_entry te1_0 set timestamp=? where te1_0.processor_name=? and te1_0.segment=? and te1_0.owner=?
Hibernate: update token_entry te1_0 set timestamp=? where te1_0.processor_name=? and te1_0.segment=? and te1_0.owner=?
Hibernate: update token_entry te1_0 set timestamp=? where te1_0.processor_name=? and te1_0.segment=? and te1_0.owner=?
Hibernate: update token_entry te1_0 set timestamp=? where te1_0.processor_name=? and te1_0.segment=? and te1_0.owner=?
Hibernate: update token_entry te1_0 set timestamp=? where te1_0.processor_name=? and te1_0.segment=? and te1_0.owner=?
Hibernate: update token_entry te1_0 set timestamp=? where te1_0.processor_name=? and te1_0.segment=? and te1_0.owner=?
Hibernate: update token_entry te1_0 set timestamp=? where te1_0.processor_name=? and te1_0.segment=? and te1_0.owner=?
Hibernate: update token_entry te1_0 set timestamp=? where te1_0.processor_name=? and te1_0.segment=? and te1_0.owner=?
Hibernate: update token_entry te1_0 set timestamp=? where te1_0.processor_name=? and te1_0.segment=? and te1_0.owner=?
Hibernate: update token_entry te1_0 set timestamp=? where te1_0.processor_name=? and te1_0.segment=? and te1_0.owner=?
Hibernate: update token_entry te1_0 set timestamp=? where te1_0.processor_name=? and te1_0.segment=? and te1_0.owner=?
Hibernate: update token_entry te1_0 set timestamp=? where te1_0.processor_name=? and te1_0.segment=? and te1_0.owner=?
Hibernate: update token_entry te1_0 set timestamp=? where te1_0.processor_name=? and te1_0.segment=? and te1_0.owner=?
Hibernate: update token_entry te1_0 set timestamp=? where te1_0.processor_name=? and te1_0.segment=? and te1_0.owner=?
Hibernate: update token_entry te1_0 set timestamp=? where te1_0.processor_name=? and te1_0.segment=? and te1_0.owner=?
Hibernate: update token_entry te1_0 set timestamp=? where te1_0.processor_name=? and te1_0.segment=? and te1_0.owner=?
Hibernate: update token_entry te1_0 set timestamp=? where te1_0.processor_name=? and te1_0.segment=? and te1_0.owner=?
Hibernate: update token_entry te1_0 set timestamp=? where te1_0.processor_name=? and te1_0.segment=? and te1_0.owner=?
Hibernate: update token_entry te1_0 set timestamp=? where te1_0.processor_name=? and te1_0.segment=? and te1_0.owner=?
Hibernate: update token_entry te1_0 set timestamp=? where te1_0.processor_name=? and te1_0.segment=? and te1_0.owner=?
Hibernate: update token_entry te1_0 set timestamp=? where te1_0.processor_name=? and te1_0.segment=? and te1_0.owner=?
Hibernate: update token_entry te1_0 set timestamp=? where te1_0.processor_name=? and te1_0.segment=? and te1_0.owner=?
Hibernate: update token_entry te1_0 set timestamp=? where te1_0.processor_name=? and te1_0.segment=? and te1_0.owner=?
Hibernate: update token_entry te1_0 set timestamp=? where te1_0.processor_name=? and te1_0.segment=? and te1_0.owner=?
Hibernate: update token_entry te1_0 set timestamp=? where te1_0.processor_name=? and te1_0.segment=? and te1_0.owner=?
Hibernate: update token_entry te1_0 set timestamp=? where te1_0.processor_name=? and te1_0.segment=? and te1_0.owner=?
Hibernate: update token_entry te1_0 set timestamp=? where te1_0.processor_name=? and te1_0.segment=? and te1_0.owner=?
Hibernate: update token_entry te1_0 set timestamp=? where te1_0.processor_name=? and te1_0.segment=? and te1_0.owner=?
Hibernate: update token_entry te1_0 set timestamp=? where te1_0.processor_name=? and te1_0.segment=? and te1_0.owner=?
Hibernate: update token_entry te1_0 set timestamp=? where te1_0.processor_name=? and te1_0.segment=? and te1_0.owner=?
Hibernate: update token_entry te1_0 set timestamp=? where te1_0.processor_name=? and te1_0.segment=? and te1_0.owner=?
Hibernate: update token_entry te1_0 set timestamp=? where te1_0.processor_name=? and te1_0.segment=? and te1_0.owner=?
Hibernate: update token_entry te1_0 set timestamp=? where te1_0.processor_name=? and te1_0.segment=? and te1_0.owner=?
Hibernate: update token_entry te1_0 set timestamp=? where te1_0.processor_name=? and te1_0.segment=? and te1_0.owner=?
Hibernate: update token_entry te1_0 set timestamp=? where te1_0.processor_name=? and te1_0.segment=? and te1_0.owner=?
Hibernate: update token_entry te1_0 set timestamp=? where te1_0.processor_name=? and te1_0.segment=? and te1_0.owner=?
Hibernate: update token_entry te1_0 set timestamp=? where te1_0.processor_name=? and te1_0.segment=? and te1_0.owner=?
Hibernate: update token_entry te1_0 set timestamp=? where te1_0.processor_name=? and te1_0.segment=? and te1_0.owner=?
Hibernate: update token_entry te1_0 set timestamp=? where te1_0.processor_name=? and te1_0.segment=? and te1_0.owner=?
Hibernate: update token_entry te1_0 set timestamp=? where te1_0.processor_name=? and te1_0.segment=? and te1_0.owner=?
Hibernate: update token_entry te1_0 set timestamp=? where te1_0.processor_name=? and te1_0.segment=? and te1_0.owner=?
Hibernate: update token_entry te1_0 set timestamp=? where te1_0.processor_name=? and te1_0.segment=? and te1_0.owner=?
Hibernate: update token_entry te1_0 set timestamp=? where te1_0.processor_name=? and te1_0.segment=? and te1_0.owner=?
Hibernate: update token_entry te1_0 set timestamp=? where te1_0.processor_name=? and te1_0.segment=? and te1_0.owner=?
Hibernate: update token_entry te1_0 set timestamp=? where te1_0.processor_name=? and te1_0.segment=? and te1_0.owner=?
Hibernate: update token_entry te1_0 set timestamp=? where te1_0.processor_name=? and te1_0.segment=? and te1_0.owner=?
Hibernate: update token_entry te1_0 set timestamp=? where te1_0.processor_name=? and te1_0.segment=? and te1_0.owner=?
Hibernate: update token_entry te1_0 set timestamp=? where te1_0.processor_name=? and te1_0.segment=? and te1_0.owner=?
Hibernate: update token_entry te1_0 set timestamp=? where te1_0.processor_name=? and te1_0.segment=? and te1_0.owner=?
Hibernate: update token_entry te1_0 set timestamp=? where te1_0.processor_name=? and te1_0.segment=? and te1_0.owner=?
Hibernate: update token_entry te1_0 set timestamp=? where te1_0.processor_name=? and te1_0.segment=? and te1_0.owner=?
Hibernate: update token_entry te1_0 set timestamp=? where te1_0.processor_name=? and te1_0.segment=? and te1_0.owner=?
Hibernate: update token_entry te1_0 set timestamp=? where te1_0.processor_name=? and te1_0.segment=? and te1_0.owner=?
Hibernate: update token_entry te1_0 set timestamp=? where te1_0.processor_name=? and te1_0.segment=? and te1_0.owner=?
Hibernate: update token_entry te1_0 set timestamp=? where te1_0.processor_name=? and te1_0.segment=? and te1_0.owner=?
Hibernate: update token_entry te1_0 set timestamp=? where te1_0.processor_name=? and te1_0.segment=? and te1_0.owner=?
Hibernate: update token_entry te1_0 set timestamp=? where te1_0.processor_name=? and te1_0.segment=? and te1_0.owner=?
Hibernate: update token_entry te1_0 set timestamp=? where te1_0.processor_name=? and te1_0.segment=? and te1_0.owner=?
Hibernate: update token_entry te1_0 set timestamp=? where te1_0.processor_name=? and te1_0.segment=? and te1_0.owner=?
Hibernate: update token_entry te1_0 set timestamp=? where te1_0.processor_name=? and te1_0.segment=? and te1_0.owner=?
Hibernate: update token_entry te1_0 set timestamp=? where te1_0.processor_name=? and te1_0.segment=? and te1_0.owner=?
Hibernate: update token_entry te1_0 set timestamp=? where te1_0.processor_name=? and te1_0.segment=? and te1_0.owner=?
Hibernate: update token_entry te1_0 set timestamp=? where te1_0.processor_name=? and te1_0.segment=? and te1_0.owner=?
Hibernate: update token_entry te1_0 set timestamp=? where te1_0.processor_name=? and te1_0.segment=? and te1_0.owner=?
Hibernate: update token_entry te1_0 set timestamp=? where te1_0.processor_name=? and te1_0.segment=? and te1_0.owner=?
Hibernate: update token_entry te1_0 set timestamp=? where te1_0.processor_name=? and te1_0.segment=? and te1_0.owner=?
Hibernate: update token_entry te1_0 set timestamp=? where te1_0.processor_name=? and te1_0.segment=? and te1_0.owner=?
Hibernate: update token_entry te1_0 set timestamp=? where te1_0.processor_name=? and te1_0.segment=? and te1_0.owner=?
Hibernate: update token_entry te1_0 set timestamp=? where te1_0.processor_name=? and te1_0.segment=? and te1_0.owner=?
Hibernate: update token_entry te1_0 set timestamp=? where te1_0.processor_name=? and te1_0.segment=? and te1_0.owner=?
Hibernate: update token_entry te1_0 set timestamp=? where te1_0.processor_name=? and te1_0.segment=? and te1_0.owner=?
Hibernate: update token_entry te1_0 set timestamp=? where te1_0.processor_name=? and te1_0.segment=? and te1_0.owner=?
Hibernate: update token_entry te1_0 set timestamp=? where te1_0.processor_name=? and te1_0.segment=? and te1_0.owner=?
Hibernate: update token_entry te1_0 set timestamp=? where te1_0.processor_name=? and te1_0.segment=? and te1_0.owner=?
Hibernate: update token_entry te1_0 set timestamp=? where te1_0.processor_name=? and te1_0.segment=? and te1_0.owner=?
Hibernate: update token_entry te1_0 set timestamp=? where te1_0.processor_name=? and te1_0.segment=? and te1_0.owner=?
Hibernate: update token_entry te1_0 set timestamp=? where te1_0.processor_name=? and te1_0.segment=? and te1_0.owner=?
Hibernate: update token_entry te1_0 set timestamp=? where te1_0.processor_name=? and te1_0.segment=? and te1_0.owner=?
Hibernate: update token_entry te1_0 set timestamp=? where te1_0.processor_name=? and te1_0.segment=? and te1_0.owner=?
Hibernate: update token_entry te1_0 set timestamp=? where te1_0.processor_name=? and te1_0.segment=? and te1_0.owner=?
Hibernate: update token_entry te1_0 set timestamp=? where te1_0.processor_name=? and te1_0.segment=? and te1_0.owner=?
Hibernate: update token_entry te1_0 set timestamp=? where te1_0.processor_name=? and te1_0.segment=? and te1_0.owner=?
Hibernate: update token_entry te1_0 set timestamp=? where te1_0.processor_name=? and te1_0.segment=? and te1_0.owner=?
Hibernate: update token_entry te1_0 set timestamp=? where te1_0.processor_name=? and te1_0.segment=? and te1_0.owner=?
Hibernate: update token_entry te1_0 set timestamp=? where te1_0.processor_name=? and te1_0.segment=? and te1_0.owner=?
Hibernate: update token_entry te1_0 set timestamp=? where te1_0.processor_name=? and te1_0.segment=? and te1_0.owner=?
Hibernate: update token_entry te1_0 set timestamp=? where te1_0.processor_name=? and te1_0.segment=? and te1_0.owner=?
Hibernate: update token_entry te1_0 set timestamp=? where te1_0.processor_name=? and te1_0.segment=? and te1_0.owner=?
Hibernate: update token_entry te1_0 set timestamp=? where te1_0.processor_name=? and te1_0.segment=? and te1_0.owner=?
Hibernate: update token_entry te1_0 set timestamp=? where te1_0.processor_name=? and te1_0.segment=? and te1_0.owner=?
Hibernate: update token_entry te1_0 set timestamp=? where te1_0.processor_name=? and te1_0.segment=? and te1_0.owner=?
Hibernate: update token_entry te1_0 set timestamp=? where te1_0.processor_name=? and te1_0.segment=? and te1_0.owner=?
Hibernate: update token_entry te1_0 set timestamp=? where te1_0.processor_name=? and te1_0.segment=? and te1_0.owner=?
Hibernate: update token_entry te1_0 set timestamp=? where te1_0.processor_name=? and te1_0.segment=? and te1_0.owner=?
Hibernate: update token_entry te1_0 set timestamp=? where te1_0.processor_name=? and te1_0.segment=? and te1_0.owner=?
Hibernate: update token_entry te1_0 set timestamp=? where te1_0.processor_name=? and te1_0.segment=? and te1_0.owner=?
Hibernate: update token_entry te1_0 set timestamp=? where te1_0.processor_name=? and te1_0.segment=? and te1_0.owner=?
Hibernate: update token_entry te1_0 set timestamp=? where te1_0.processor_name=? and te1_0.segment=? and te1_0.owner=?
Hibernate: update token_entry te1_0 set timestamp=? where te1_0.processor_name=? and te1_0.segment=? and te1_0.owner=?
Hibernate: update token_entry te1_0 set timestamp=? where te1_0.processor_name=? and te1_0.segment=? and te1_0.owner=?
Hibernate: update token_entry te1_0 set timestamp=? where te1_0.processor_name=? and te1_0.segment=? and te1_0.owner=?
Hibernate: update token_entry te1_0 set timestamp=? where te1_0.processor_name=? and te1_0.segment=? and te1_0.owner=?
Hibernate: update token_entry te1_0 set timestamp=? where te1_0.processor_name=? and te1_0.segment=? and te1_0.owner=?
Hibernate: update token_entry te1_0 set timestamp=? where te1_0.processor_name=? and te1_0.segment=? and te1_0.owner=?
Hibernate: update token_entry te1_0 set timestamp=? where te1_0.processor_name=? and te1_0.segment=? and te1_0.owner=?
Hibernate: update token_entry te1_0 set timestamp=? where te1_0.processor_name=? and te1_0.segment=? and te1_0.owner=?
Hibernate: update token_entry te1_0 set timestamp=? where te1_0.processor_name=? and te1_0.segment=? and te1_0.owner=?
Hibernate: update token_entry te1_0 set timestamp=? where te1_0.processor_name=? and te1_0.segment=? and te1_0.owner=?
Hibernate: update token_entry te1_0 set timestamp=? where te1_0.processor_name=? and te1_0.segment=? and te1_0.owner=?
Hibernate: update token_entry te1_0 set timestamp=? where te1_0.processor_name=? and te1_0.segment=? and te1_0.owner=?
Hibernate: update token_entry te1_0 set timestamp=? where te1_0.processor_name=? and te1_0.segment=? and te1_0.owner=?
